name,x_centroid_64,x_std_64,x_skew_64,x_kurt_64,x_roll_off_64,x_flux_mean_64,x_flux_std_64,x_noisiness_64,x_energy_64,x_entropy_64,x_negentropy_64,y_centroid_64,y_std_64,y_skew_64,y_kurt_64,y_roll_off_64,y_flux_mean_64,y_flux_std_64,y_noisiness_64,y_energy_64,y_entropy_64,y_negentropy_64,z_centroid_64,z_std_64,z_skew_64,z_kurt_64,z_roll_off_64,z_flux_mean_64,z_flux_std_64,z_noisiness_64,z_energy_64,z_entropy_64,z_negentropy_64,x_centroid_256,x_std_256,x_skew_256,x_kurt_256,x_roll_off_256,x_flux_mean_256,x_flux_std_256,x_noisiness_256,x_energy_256,x_entropy_256,x_negentropy_256,y_centroid_256,y_std_256,y_skew_256,y_kurt_256,y_roll_off_256,y_flux_mean_256,y_flux_std_256,y_noisiness_256,y_energy_256,y_entropy_256,y_negentropy_256,z_centroid_256,z_std_256,z_skew_256,z_kurt_256,z_roll_off_256,z_flux_mean_256,z_flux_std_256,z_noisiness_256,z_energy_256,z_entropy_256,z_negentropy_256,x_centroid_1024,x_std_1024,x_skew_1024,x_kurt_1024,x_roll_off_1024,x_flux_mean_1024,x_flux_std_1024,x_noisiness_1024,x_energy_1024,x_entropy_1024,x_negentropy_1024,y_centroid_1024,y_std_1024,y_skew_1024,y_kurt_1024,y_roll_off_1024,y_flux_mean_1024,y_flux_std_1024,y_noisiness_1024,y_energy_1024,y_entropy_1024,y_negentropy_1024,z_centroid_1024,z_std_1024,z_skew_1024,z_kurt_1024,z_roll_off_1024,z_flux_mean_1024,z_flux_std_1024,z_noisiness_1024,z_energy_1024,z_entropy_1024,z_negentropy_1024,x_centroid_4096,x_std_4096,x_skew_4096,x_kurt_4096,x_roll_off_4096,x_flux_mean_4096,x_flux_std_4096,x_noisiness_4096,x_energy_4096,x_entropy_4096,x_negentropy_4096,y_centroid_4096,y_std_4096,y_skew_4096,y_kurt_4096,y_roll_off_4096,y_flux_mean_4096,y_flux_std_4096,y_noisiness_4096,y_energy_4096,y_entropy_4096,y_negentropy_4096,z_centroid_4096,z_std_4096,z_skew_4096,z_kurt_4096,z_roll_off_4096,z_flux_mean_4096,z_flux_std_4096,z_noisiness_4096,z_energy_4096,z_entropy_4096,z_negentropy_4096
k3_1.tsv.part.0,2546.9878948892106,0.22726641061401498,3.93511623888084,16.0440719634148,1562.4999999999998,0.06532550051244433,0.07767899067650265,0.41151659591614126,1.9930924596448245,2.0345215069525233,-1.5538038812428587,1792.4505196556438,0.7463867971095822,4.160544966723476,17.297931549581456,1562.4999999999998,0.04870091466285142,0.05264186786221361,0.3400058018114149,20.50934914327937,1.6988523221550864,-1.164076006248032,2068.800963710711,0.03668033453210588,4.274955164948913,18.166659349976523,781.2499999999999,0.04395328208598871,0.056956814164558195,0.31299113527343864,0.0487493016971284,1.5759486575109745,-1.9562082461553525,2813.309055387496,0.10405709588920821,8.643810783020689,82.39407242900432,976.5624999999999,0.0008007812577238286,0.0008605672700436842,0.20409422161359891,1.4549792057719833,2.3252604484893284,-1.7727226026243237,2002.6380008640276,0.33480638948986213,9.287643029677456,91.62418217435709,976.5624999999999,0.0005013459872963397,0.000568427224585206,0.16769375315340582,14.86693688276078,1.9424173893016805,-1.724230210362553,2329.3529719725047,0.01642767933094746,9.45240421381629,93.78729703904163,976.5624999999999,0.01131171013372397,0.015172547946869152,0.15274370932612244,0.03562526651149327,1.8449886130215256,-1.8584238739534313,2814.5552380666054,0.05130965297272807,14.45777053557521,219.72531650547634,976.5624999999999,0.0009836993475103566,0.0010749544415515379,0.10397374294934487,1.3651654273205014,2.343927473416517,-2.614877885280249,1994.6528494239776,0.1645201048191819,15.612838020426581,247.43116535539068,976.5624999999999,0.0004032166197375492,0.00043758578842394684,0.08590367497518703,13.987767458196986,1.9470756828322273,-2.6593202452251994,2316.547262522411,0.00803206844435696,15.965264111038573,255.279773668575,976.5624999999999,0.007972890475423324,0.00900068493519576,0.07899204063042381,0.03330225428113365,1.9771127275369516,-2.227116396262452,2832.023028311848,0.026014259885245496,33.02761545480826,1210.880942224923,964.3554687499999,0.017749585190863143,0.01777623936110147,0.051156072519341275,1.390272547684118,2.4214215814299234,-2.3046728745612297,1972.0013903260028,0.08431816020023555,35.58340547874307,1358.6834058654845,964.3554687499999,0.009377500170892894,0.009382915130027444,0.041765724411919565,14.592883479212372,1.9741316710822467,-2.18760731403301,2311.9309788632495,0.0039537991371311355,36.39426800823278,1406.0011015451375,964.3554687499999,0.01972947961137253,0.020063439923948014,0.0387331481073145,0.03207910388477609,2.1262657908394074,-2.292416738177975
k3_1.tsv.part.1,2370.5974308875384,0.2417363771723902,3.8973077699043177,15.736691874203789,1562.4999999999998,0.07037015041278352,0.08917080186456333,0.4045222598104401,2.2439643346731075,1.986710249892243,-1.4539128743026508,1805.5537796684646,0.732743103419097,4.14220457478485,17.157653818702368,1562.4999999999998,0.049421558374701365,0.05408969567444834,0.3434094180386829,19.807608372591318,1.7178604361539922,-1.1828418579451654,2039.3585491098038,0.04408479431329606,4.284036833323264,18.233169394819935,781.2499999999999,0.036561209264833965,0.04493662560401121,0.30829680151122263,0.07023026460446248,1.5273308156907708,-1.974518231186514,2616.8502429439527,0.11026089151690677,8.607172003153313,81.77551407150239,976.5624999999999,0.0007674941951392496,0.0008876641799422884,0.20105161689845433,1.63170683694307,2.2709117433766854,-1.7760506626844348,2019.591329754879,0.3283449411664375,9.266153710609062,91.35154957436683,976.5624999999999,0.0006011199719527508,0.0008051551240457824,0.1697979618934623,14.308514821497416,1.9669069804889525,-1.729903909472462,2322.416999104022,0.01972635273066342,9.46103251818259,93.99601585379209,976.5624999999999,0.006777250555623722,0.00768041121913231,0.15007647481203587,0.05132823882457579,1.7585917974358005,-1.8633736146421824,2619.4582081441977,0.05439893985387496,14.43123897936774,219.57888733829216,976.5624999999999,0.00041767754743036274,0.00043837628509251706,0.10240383702282188,1.5340120558387564,2.281820916455186,-2.986284238668038,2021.6967310187372,0.16096246162617361,15.601669473826368,248.0942753458524,976.5624999999999,0.0004151178166826406,0.000442034397247188,0.08707805318111657,13.392055146834581,1.9740001078183442,-2.7123445838055744,2333.119182580313,0.009582611556803169,16.00088871741756,257.04423710102236,976.5624999999999,0.0047591332640008754,0.005301642520064685,0.07731414746236456,0.04738854672346519,1.8409501374839194,-2.18761528620502,2629.768464501631,0.027596476768786286,31.451717474420324,1092.045808157906,964.3554687499999,0.0011173108048758429,0.0011516103219129975,0.05048594287892969,1.56442508783358,2.2992962576595013,-2.7305507224541605,2036.9353943737417,0.08196631766459661,34.15338098827034,1246.9617496837566,964.3554687499999,0.0008286895767873059,0.0008308049069946059,0.04290954526248197,13.791506501087254,1.988178677320924,-2.2776341921675702,2363.111478216018,0.004814261900417533,35.27021151340955,1312.830560905564,964.3554687499999,0.005755917266848112,0.0057574231820598605,0.03817647067745765,0.04755912789496709,1.9279373421623967,-2.1847626231894033
k3_1.tsv.part.2,2234.929399902965,0.2486867548074271,3.882356849144495,15.575933560772263,1562.4999999999998,0.063161836982074,0.07933152169563054,0.39560536151405823,2.3602947473140476,1.938458768574059,-1.4643681553631427,1692.4756074611055,0.701486840536931,4.130810294984503,17.031364524014496,1562.4999999999998,0.0485156545541869,0.05381768875194526,0.3376063905562261,18.089628158282565,1.6717048065808302,-1.1850139511934819,1967.7500259450464,0.046968014516950034,4.272188673891089,18.103708723514632,781.2499999999999,0.03672660345785868,0.044895968458325594,0.30542278929947814,0.07958861919034822,1.498690277904929,-1.9593169182930557,2469.6408063864774,0.11330983996924339,8.556041089889813,80.77967143485169,976.5624999999999,0.0006177609805314936,0.0006925256398983729,0.19634193374717984,1.7200950161765212,2.204503011249988,-1.7769771764038986,1891.318495504331,0.31302271352855554,9.265396137638726,91.28162018316883,976.5624999999999,0.00046995904806516685,0.0005603497472741083,0.16735077474283366,12.993830063538109,1.9208059335772367,-1.7360174088635756,2231.0629491439063,0.02102289918829945,9.447714597858036,93.69169478564434,976.5624999999999,0.005439830256629175,0.005762017457125321,0.14866018116601448,0.058273117157152526,1.7183237313449207,-1.8612266618478757,2474.476603457084,0.05576408351800228,14.308159492105107,214.51349873280353,976.5624999999999,0.0004360183579025544,0.00046745959093201685,0.10009989006542175,1.6112260374612,2.213808081532223,-3.0812369731352227,1895.3019081434225,0.15303554207796619,15.54523391980587,245.38283446796726,976.5624999999999,0.0004457762874975167,0.00047531852561210106,0.08592901218961657,12.103108818281797,1.9271952087731234,-2.711378965800078,2229.901098614134,0.010184206673615706,15.93150505383369,253.99311353754024,976.5624999999999,0.004198396736956569,0.004280685180525099,0.07675691045501909,0.05352084540492667,1.792361975281382,-2.2007826674412683,2474.1349910986937,0.028782511452979546,32.8235797018594,1201.6857234352904,964.3554687499999,0.0005229066489128992,0.0005231331918385928,0.048866560760712635,1.701512578278394,2.2258775869792236,-2.544019359290948,1898.6041552608447,0.07910359987206496,35.63961476747041,1369.381549041276,964.3554687499999,0.00039794244002541723,0.00041938368149708116,0.041913936385318484,12.843894924212336,1.9366040260876884,-2.536861133644066,2253.4638758837236,0.005192070405717616,36.59858049477994,1424.7236548523488,964.3554687499999,0.003285155705572515,0.0032861559041219104,0.03751499129237799,0.055313850255622965,1.8536625737950563,-2.1447611330534606
k3_1.tsv.part.3,2135.25291847382,0.2516639619522825,3.8810270831566918,15.514503324530608,1562.4999999999998,0.058830924552685224,0.07381432267403311,0.3872737099032252,2.4035138880897624,1.896353959664198,-1.4738167363619157,1627.1222852915753,0.6701048681605131,4.112693604211736,16.87412773614551,1562.4999999999998,0.046601422137798464,0.05209880051632672,0.334779530110373,16.479137405938566,1.6425981124447802,-1.195931985706017,2026.825914550579,0.05041530585686452,4.283899424879663,18.21877732189961,781.2499999999999,0.036852141084393296,0.04630630337336097,0.30431081354583234,0.09164356271451404,1.4853837768429223,-1.9556589507011195,2361.786951356644,0.114620222257529,8.542743631452172,80.43416623422544,976.5624999999999,0.000584930524962757,0.0006455970145967997,0.192172482406136,1.7573641088284553,2.14957848061079,-1.775575552059247,1816.9252722163703,0.2988890776203692,9.249045348764867,91.01870163857633,976.5624999999999,0.00041951736810648383,0.00047728930349433084,0.16590645109732735,11.841376126914051,1.88330156216511,-1.7402250251831544,2313.639151234311,0.022586458512544556,9.450819394368985,93.74882460611525,976.5624999999999,0.005347523547280045,0.006004317723598359,0.14785279796529596,0.06724772261127306,1.69358827084037,-1.8580640793892151,2369.18420686221,0.05650567034400565,14.298286385036986,213.64844548843874,976.5624999999999,0.0005493585648718452,0.0005596226168693021,0.09808364404463388,1.6537107354382123,2.1603228899586018,-2.547554909960092,1817.257684261705,0.14656453293770544,15.521725591910176,244.63963186146643,976.5624999999999,0.00041773162486034935,0.0004353712880105385,0.08508186629838459,11.099608024657014,1.8858075281119207,-2.5425853440265946,2329.0053228834895,0.01096621024167577,15.929724812136378,253.69127970934346,976.5624999999999,0.004502099645988996,0.004694765307272864,0.07627654803748013,0.062051166820492415,1.770006039407451,-1.959298240055879,2366.9246381699645,0.029175864012116724,32.87381544266812,1204.3956928475302,964.3554687499999,0.00035678387267884526,0.00036184936299891627,0.0479060680446133,1.748175263295588,2.172989837123207,-2.3414689199826166,1823.34776656551,0.07577629764080764,35.79466133285324,1383.0551601343695,964.3554687499999,0.00026653398749210133,0.00026680684091843414,0.041471812717119076,11.785690423438776,1.8953660920788515,-2.1862556578929127,2339.1820982620384,0.0056987526140902306,36.615463743601026,1427.1226099616886,964.3554687499999,0.0033759401155282337,0.003385445483687882,0.03738074668570057,0.0666358577059902,1.834285246461233,-1.8413982190191478
k3_1.tsv.part.4,2033.9454115128822,0.25423565415335997,3.897048458683223,15.594999846662105,1562.4999999999998,0.05376457853727305,0.06844920249892508,0.37822750235455066,2.438116067025387,1.8489721691930097,-1.470267353760168,1576.522560718179,0.6385038553777689,4.0965936959686795,16.72617745151547,1562.4999999999998,0.04661707848855368,0.05240838334830361,0.33279397691906704,14.943696051373582,1.6203064182839486,-1.1912129558482958,1946.6573586544807,0.05050943530999909,4.287267564737592,18.24236019519971,781.2499999999999,0.03637598343870797,0.0471620957378791,0.30156915452694566,0.09184624518625152,1.4592899434520916,-1.9561797891587829,2254.1032171317383,0.11551276400465589,8.581557582087571,80.95346625871062,976.5624999999999,0.000556120946609303,0.0005980957628752502,0.18715539631769795,1.7815638869070067,2.0832362552839876,-1.7703711153186774,1760.2848901851012,0.28363865853733805,9.243101151872905,90.92752892094192,976.5624999999999,0.0004308519515934456,0.0004649161520228707,0.16513684842754026,10.661179035745144,1.8602355691909236,-1.744380271903897,2215.099797930353,0.022644502047635472,9.47415924660756,94.1504326724873,976.5624999999999,0.005485378156154462,0.006015345593552472,0.145748275822617,0.0675529261521986,1.6473683076072492,-1.7253387144501702,2255.511456790601,0.05693056457145755,14.376587053845256,215.25932600366028,976.5624999999999,0.0007002230300880266,0.0007092095133283789,0.09546152273104526,1.6778305796311253,2.090297118101027,-3.0590770592515857,1761.881024434087,0.1390758364960709,15.511798040264415,244.3410041119042,976.5624999999999,0.00043339193719268976,0.00046041214068830155,0.08472854731689909,9.993724134403212,1.8641023218613544,-2.526979206640719,2202.4987578060727,0.011072475617424197,15.934523509076417,253.72088505782455,976.5624999999999,0.0043094997093932295,0.004413285487149739,0.07518430789821637,0.0632491721734998,1.7117266804667428,-2.18154651734745,2243.597571745808,0.029349741681022428,33.13426934055339,1219.5846696335316,964.3554687499999,0.00046014093315983884,0.0004988302904281117,0.046467669154851315,1.7688347501636223,2.094613874298342,-2.304110056192403,1758.7061487050894,0.07189153250082223,35.843987210267194,1387.042113179461,964.3554687499999,0.0004071817886428797,0.0004652106532046554,0.04121778053019338,10.608027590342449,1.8688194735101695,-2.1668553039343816,2208.3591279613393,0.005709712161127064,36.87020737657335,1445.3524074073905,964.3554687499999,0.003410722297105609,0.0034114105366896902,0.03650713983602729,0.06688809363600264,1.7587121176986837,-2.1341574582947747
k3_2.tsv.part.0,1959.0065252462289,0.25672471600874325,3.8518145328288336,15.240860461777572,1562.4999999999998,0.050223351651614415,0.06407757355262132,0.3744370368665122,2.47988487302176,1.8117780037600628,-1.4963709845898,1544.01493723058,0.5810829006552788,4.053438225871407,16.380604874662897,1562.4999999999998,0.04866184002139108,0.054830060138897116,0.3349499850455765,12.392807396249834,1.6144827066355436,-1.2035585620002447,1724.8031525197923,0.054602823240442855,4.29081261630564,18.259100868761163,781.2499999999999,0.03215581887379297,0.04203439608229424,0.2954213385730491,0.10697518513820452,1.393610010484842,-1.8618288511954315,2167.3699954033295,0.11670816508499035,8.485938361305958,79.37824846423352,976.5624999999999,0.0005776539919000449,0.0006830286345320125,0.18544990168827388,1.8175116578459207,2.0364042821019313,-1.7782002655976663,1717.0739675229067,0.25771844922091425,9.185198081614587,90.10375262306343,976.5624999999999,0.00043760173171889395,0.0005117465763448827,0.166950940763706,8.806838358137641,1.8608931977378143,-1.7602966488702925,1956.3565485762865,0.024445649570081735,9.45750238672125,93.80771508856434,976.5624999999999,0.005044217830589483,0.005597053280713383,0.14289398289550437,0.07866314008895524,1.5659492960362693,-1.8487620464537429,2170.7460955412444,0.05740649269633045,14.243691064490596,211.4442298364342,976.5624999999999,0.0004043251503710925,0.00044969309187344877,0.09451944267968826,1.7056979146024622,2.0426960003517833,-3.0557884155382298,1717.2956084938346,0.12636557033973114,15.407918506064021,241.94009796473586,976.5624999999999,0.00039478146598321043,0.0004033672102687434,0.08560976143436318,8.25175337221154,1.8642196952349157,-2.72189801952279,1960.745518187002,0.011952699990704717,15.957551961728415,254.45445211055892,976.5624999999999,0.0034254440067239857,0.0034758573436801357,0.07361537989943791,0.07368796923557083,1.6219114851343752,-2.0281073517506205,2177.628025372027,0.029444448589714487,32.745206033789074,1193.9257159696326,964.3554687499999,0.000302864738719974,0.00031662956125223503,0.04624863874718525,1.7802325849281033,2.0586034639800364,-2.2500138650440245,1721.062093008511,0.06483464848940657,35.54065697405532,1368.5271513415785,964.3554687499999,0.00028970107807617385,0.0002934664624775517,0.04173595852509941,8.628039303968269,1.872890626277223,-2.2763426378306897,1950.4334475610265,0.0061579507705873185,36.5989944304896,1422.6278803866037,964.3554687499999,0.003094331419967053,0.0030959439382919536,0.035892611706384775,0.07779891070659542,1.6680495526181833,-2.089946626059932
k3_2.tsv.part.1,1951.5982941558732,0.2593007433821546,3.8555099636194483,15.269259939162488,1562.4999999999998,0.04973230178376678,0.06357386119013311,0.3738561519333004,2.5289374285799497,1.8086226572675645,-1.4990800550076593,1525.5778402629298,0.5699168281714407,4.04575303911533,16.31225711363878,1562.4999999999998,0.048432260171450345,0.054686043729035134,0.33435150084519616,11.916810316828707,1.6058155781596297,-1.2033016003401473,1681.2832162965835,0.054399586321965586,4.291591396535245,18.257995943167835,781.2499999999999,0.03127069067562111,0.04176550736176399,0.2942812082840319,0.10611466472621463,1.3828719126535411,-1.8591446385333399,2159.246062655344,0.11777815930773919,8.49299900740572,79.48634693422208,976.5624999999999,0.0005676511961928658,0.0006282697909541629,0.1851018979955954,1.8507599946925508,2.0315380756411305,-1.7773509360763158,1698.222335151836,0.2525188724828158,9.171772589113667,89.88017046600015,976.5624999999999,0.00046939916225185,0.0005168534800509998,0.166961700355692,8.455089469595913,1.857256887192352,-1.7627517442455434,1907.052208108888,0.02436144405296016,9.449674149040476,93.64376805041978,976.5624999999999,0.005343756812722883,0.005933121849544936,0.14260074416756277,0.07811573776676119,1.5622534418390999,-1.8473973598011248,2163.4578914768736,0.057980990105152064,14.255460659392119,211.83595824375237,976.5624999999999,0.0007362599659745346,0.0007518644352163971,0.09446248161829901,1.7399898354754122,2.0405714390725107,-2.8690511205220464,1699.1894768596442,0.123928180233392,15.400695255743388,241.78171669539853,976.5624999999999,0.0003848715774651254,0.000417945504157358,0.08556776371307513,7.9364404374837205,1.8601272608131925,-2.7925451083191026,1903.6498162394776,0.011882208719685908,15.964637146748242,254.6293484780948,976.5624999999999,0.00406737955962281,0.004200420110781676,0.07334230600120509,0.07281847321918103,1.614948164964722,-1.9500545567152316,2156.375196104333,0.029975996225280733,32.97809483851415,1209.9626450113235,964.3554687499999,0.00033951455043522427,0.0003558324882673569,0.0459436741671443,1.8450364953066758,2.0465562962699497,-2.2097102210570414,1697.9975400945857,0.06395757746302552,35.594866078258406,1373.0918034170336,964.3554687499999,0.00030177125015162787,0.00030413820080340653,0.04165600960836196,8.396125357951686,1.8661296508708496,-2.1467945061379496,1890.4211213012918,0.006155663363850844,36.76921446817183,1436.210617241909,964.3554687499999,0.0031975184756283526,0.003199557643322847,0.035730365846290114,0.07774022149193405,1.6627229179898795,-1.9110321252485718
k3_2.tsv.part.2,2000.7696465106922,0.2573467423364008,3.7998424512075286,14.871933169635287,1562.4999999999998,0.051960826604877726,0.0669662801501545,0.3799773755971312,2.50105138166878,1.8324559467399313,-1.5369166297635686,1534.234594761174,0.5602381037634386,4.0447386042883355,16.3193422410552,1562.4999999999998,0.04824078638992627,0.05450944135158001,0.335347394374469,11.522396117016127,1.6110660844193851,-1.2124517911270365,1669.6279697484958,0.054378951931613434,4.288473816104197,18.234738701419666,781.2499999999999,0.03203811273332451,0.041751465324426834,0.29433556439340547,0.10603730113231136,1.3831442141575332,-1.8573862777710173,2210.928202909958,0.11720410672380423,8.366976142249008,77.50307549050017,976.5624999999999,0.0005886409991025989,0.0006883842014903328,0.1883504302908225,1.8349124936531405,2.059825392115761,-1.7890022538603394,1706.3723961003113,0.2482075968945325,9.161689361497793,89.75914256642187,976.5624999999999,0.00040628610634000853,0.00046772966244264,0.16742109887581894,8.170065986620033,1.861055860539219,-1.7641229950555197,1894.7102285767505,0.02435434198223273,9.45982356566581,93.84156672965871,976.5624999999999,0.0049635262860852,0.005570768467351352,0.14240037872531605,0.07806582907837449,1.5572242599723125,-1.8483995359336904,2211.569643893167,0.057722261645864956,14.068771799557743,206.79568752126158,976.5624999999999,0.0004335896274232838,0.00047669080037401353,0.09586638045005967,1.7249524900136877,2.0649588076407213,-3.1239949981649753,1706.2195327373852,0.12159310044955404,15.37286370862076,241.11269188803,976.5624999999999,0.00033105270178698635,0.0003533169490076415,0.08580797617970741,7.640490309524865,1.8636625371707705,-2.749164087720504,1894.698086642083,0.011849539282658108,15.967866792525822,254.79173643204598,976.5624999999999,0.0036569263919582727,0.0037300830301514602,0.07335557263893588,0.07241874361588871,1.6150029159052084,-1.8670810496791692,2218.974053436031,0.0294451285889967,32.487273289041056,1178.0770213560947,964.3554687499999,0.00041794000698355815,0.0004222413196101016,0.04670352612125504,1.7803899283377296,2.072643517862531,-2.4247527656770695,1708.1053808862746,0.06216395395123817,35.42989360197454,1360.9064465605265,964.3554687499999,0.00027501633052945396,0.00028571263308255673,0.0418016977473576,7.9319037317806735,1.8704251321379877,-2.1351535260568113,1904.1619652645848,0.0060743047537023505,36.71378029710428,1431.5295987907866,964.3554687499999,0.0031272663552472935,0.0031495031110641246,0.03580112091755256,0.07569921923838424,1.6696762841136912,-2.1647099712863307
k3_2.tsv.part.3,2068.6401811291566,0.25139560139349326,3.6983689178105528,14.120900402098297,1562.4999999999998,0.051831931386302516,0.0664928740911933,0.389196713125972,2.40150478393406,1.8644051955403165,-1.6018039646416566,1575.0179288329834,0.5518712985652781,4.0339856359464985,16.26205191214458,1562.4999999999998,0.04948464779962983,0.05577314692783447,0.3392232823396063,11.20708423493714,1.635622286140235,-1.2288325632409582,1674.0741861535257,0.05382683736410763,4.276276868239879,18.13056580814212,781.2499999999999,0.03612900629829303,0.04759586998972119,0.29629494276131196,0.10400566739719247,1.4005969976227668,-1.8606569872865462,2279.289552641864,0.11467561855360912,8.145140941688084,73.96962953204212,976.5624999999999,0.0004894803828182806,0.0005501403734250342,0.19309065649973273,1.7596632852040834,2.0942242867704843,-1.8110127949156416,1749.2870912177625,0.24507775476878954,9.131431522339678,89.34266633754758,976.5624999999999,0.0003886978823635977,0.00044211025431512154,0.16947712244801322,7.970686590434548,1.8890969766210013,-1.7674790718515117,1896.800318644539,0.024090089410087518,9.449719604109056,93.68186552832532,976.5624999999999,0.004527072780427417,0.004974248019286564,0.1435458981000302,0.07640546206559302,1.5822476986439393,-1.8512752394594452,2281.4858874221854,0.0566765368139415,13.717381688560295,197.1069446800348,976.5624999999999,0.000668829455462532,0.000693320134846865,0.09818467754835784,1.6637597852409631,2.101265699366599,-2.637614326126423,1749.464775953836,0.12010960658304874,15.303784184528432,239.39592013969352,976.5624999999999,0.0003714760421802116,0.0003814329480497835,0.08688259184316846,7.456565743742609,1.8913508700331008,-2.5534459056191525,1897.5404097143894,0.011718723045309229,15.95394269490156,254.3158312038325,976.5624999999999,0.003639140631521461,0.003708655270264394,0.07379925503523627,0.07083319626962033,1.6303288660927238,-1.9726230740034834,2285.8948801435645,0.02900203869901513,31.79433544626572,1135.3907087142038,964.3554687499999,0.00026787261307431587,0.0002923486570955794,0.04774944921497227,1.7273807775921568,2.103211024999283,-2.421421855978992,1750.1591078874226,0.06150010460886895,35.37562192647453,1360.387317963318,964.3554687499999,0.0001960853312696631,0.00019711300376818423,0.042285645526211994,7.763713945483456,1.8948248401463852,-2.3497250237864487,1902.3253358599402,0.006028392221821103,36.874441501215856,1445.470894188927,964.3554687499999,0.0030391312399950243,0.003078543098988299,0.035910176482070316,0.07455978374082538,1.6728111924679219,-2.4605233110136147
k3_2.tsv.part.4,2149.41875762068,0.24386220538728604,3.594619861046733,13.36390191735141,1562.4999999999998,0.05709885718230732,0.07382267851447903,0.39968391529014974,2.2759686660485836,1.900112397820594,-1.6693311397812869,1626.3359001656593,0.5547795478374589,4.025024906704,16.20465273579886,1562.4999999999998,0.04827111095674982,0.05512944675225652,0.3425425470972468,11.348497899276747,1.6619657221500403,-1.2433159071482356,1770.2784793740796,0.05354745141736037,4.263328326704811,18.02430532934432,781.2499999999999,0.04036539704185107,0.05172132279646809,0.30095108046630015,0.10319192543295241,1.4464567171886322,-1.127662696722854,2361.1664144063125,0.11173350144260029,7.918155793809268,70.34251264138298,1171.8749999999998,0.0005076864895075824,0.0005551766325741736,0.19880829312379064,1.6741383932460745,2.139954973900228,-1.8329060046566985,1808.718422703768,0.2464189372305047,9.099972269556307,88.87062290792926,976.5624999999999,0.0004042269263711442,0.0005187517959433149,0.1711473346407719,8.062620512399096,1.9137280792434703,-1.769733319656208,2011.706256515307,0.02397822153366743,9.455433972321185,93.82071505296899,976.5624999999999,0.004672389372876659,0.005276668754483513,0.1459063100421752,0.07574817134804944,1.640132316003657,-1.857542783673693,2358.8980469077437,0.055550720799333306,13.407283680061383,188.4727231183465,1953.1249999999998,0.0004864413976449097,0.0005156353688217202,0.10062094172871862,1.5990855495645413,2.143326823033175,-3.1185193151015587,1808.685213819631,0.12086806147897433,15.242411914827208,237.71649720831675,976.5624999999999,0.00031031122057020036,0.0003415097964986698,0.08770878686943452,7.552115924597772,1.9170943276517112,-2.9171646151777884,2009.2715929885378,0.01168205110388878,15.930850564703775,253.6706192420295,976.5624999999999,0.003168189139921861,0.00333236005578161,0.07505919390966354,0.0704036971559111,1.6879087019364154,-2.2142258618047728,2370.924047705872,0.02830496752931697,31.20463328356502,1102.7168125548574,964.3554687499999,0.0003870768966223598,0.0003936990235807636,0.04913267332342375,1.6455626158068755,2.153496969611818,-2.4605380517685953,1809.702177520822,0.06202727257722864,35.59875862853078,1381.1831014358745,964.3554687499999,0.00030398824205757347,0.0003045981929909706,0.04264625301055344,7.897624187953702,1.923053027637175,-2.5567213505101245,1983.559521616406,0.005976133864138923,37.27360501162612,1479.001761392048,952.1484374999999,0.00288469531090077,0.002886514476658953,0.03630041255518682,0.07327477511363421,1.714398841736037,-1.9350450398120687
k3_3.tsv.part.0,2231.969885598685,0.24011828810249397,3.4441132388240163,12.242013722919816,2343.7499999999995,0.058382943803076695,0.07507996280575417,0.41129847073691506,2.224542741756068,1.9291127024554533,-1.7165662253155585,1683.1169879449849,0.560191500563038,4.008246986441977,16.120721939824623,1562.4999999999998,0.047626331284616956,0.055400011114852765,0.3477916943081596,11.608516496136508,1.6923557870073453,-1.2665123952468063,1749.0852752178491,0.05623844173300502,4.270341616333428,18.082507523911726,781.2499999999999,0.034120467497190166,0.043392211518730954,0.30006657310426293,0.1137687304078955,1.4404798169736244,-1.1281059203269113,2443.6290989663466,0.11023531192029441,7.5727902431176295,64.73969968555568,3710.9374999999995,0.0007663301192037642,0.0009244946739490263,0.20511661152089436,1.6335380359836291,2.1747201207916342,-1.8696709615256808,1870.9444460908298,0.24907842609454292,9.048766934975013,88.13797480150876,976.5624999999999,0.00047156279459882437,0.000593816711247267,0.17384692287697323,8.24504581031781,1.9425810963538979,-1.772582078997694,1984.4861959153957,0.025134515802649054,9.460217253836445,93.90269209664561,976.5624999999999,0.004270536146978063,0.0049485718028809975,0.14533852518490842,0.08321640256256897,1.6257599148697097,-1.8574082335318478,2442.424327094204,0.05479339552351942,12.926954527605465,175.3402583357568,3808.5937499999995,0.0007653367015776069,0.0008185142092383712,0.10365642983398846,1.5567369986135537,2.183199505774244,-2.705678556688912,1869.1743804996745,0.12240068078569381,15.159285195434355,235.83338202479638,976.5624999999999,0.00032872757018574753,0.00035645080536562246,0.08901746015275934,7.746630918270502,1.94698338910306,-2.3517536881433925,1986.1865778607641,0.012281748901506954,15.931949674669706,253.8222196077719,976.5624999999999,0.003054316273424087,0.0031866226222125272,0.0749349730228746,0.07781613280033267,1.6720786074120548,-2.1942286809820466,2428.0566005510696,0.02832458462944335,29.745192569014527,1001.4967437859918,3808.5937499999995,0.00036231343361235735,0.0003624532529163856,0.05056228734201984,1.6480786543235606,2.191257747648543,-2.4602375390912914,1861.8829026885758,0.06313958793992293,35.20837947329098,1353.8017407241268,964.3554687499999,0.00036104984658816286,0.00036215160856649316,0.043237174709505395,8.183829640347428,1.9505925226375427,-2.297163502364487,1960.5078237289852,0.006365261256126477,36.69759614610647,1432.8235948891308,964.3554687499999,0.002532889028023788,0.002533594243335022,0.03649399025144958,0.08312897757175453,1.710500433894321,-2.0925718619616864
k3_3.tsv.part.1,2258.1885674015252,0.24012097685513448,3.399514078653509,11.90633897372402,3124.9999999999995,0.05777388828115066,0.07413205885232113,0.41498455815346097,2.2303877635582685,1.9402735989583828,-1.736269346966416,1747.4460895747814,0.5633311610407089,3.988274116193793,16.0034392212652,1562.4999999999998,0.04913171357997903,0.05747387064938722,0.3533572451758323,11.779869579908736,1.7248840761797426,-1.2917556892418158,1841.826825932971,0.05538354914850893,4.276242276394674,18.149785009163125,781.2499999999999,0.03408980406395024,0.0424539156233428,0.30315608559028184,0.11052481816073995,1.4735310851134504,-1.1299540996308424,2470.5201080883944,0.11034561226245712,7.468468274483479,63.026763659825846,3710.9374999999995,0.0006837068189054355,0.0008105757765982184,0.2068661973298036,1.6379408514805267,2.183958236448685,-1.883582335669687,1940.4378957604101,0.2511438254041757,8.989747283422233,87.2960435334725,976.5624999999999,0.0006373483273351097,0.0009365422967250413,0.17685010206073437,8.390920647022496,1.9764959805297841,-1.7766279192521002,2091.7935481822033,0.024821003696651567,9.444209875073168,93.64671372236677,976.5624999999999,0.003934884077042174,0.0044535540819575685,0.147085590109489,0.08119397418437672,1.6658620020057266,-1.8614533150807302,2470.797993196456,0.054829750760104295,12.800211438735264,171.9148325439048,3808.5937499999995,0.0005251559625030325,0.0005839061436004304,0.10441940091259241,1.559048302075374,2.192576225183991,-2.933019853645294,1936.1682788108012,0.12370250346653495,15.06464970759805,233.68390565675475,976.5624999999999,0.00047195393041690736,0.0005350635421844274,0.09039965561572261,7.9142363631045125,1.9795536216296976,-2.575126544267403,2089.8066888308012,0.012156152334098861,15.921522822975017,253.56272771321136,976.5624999999999,0.0032527702249312202,0.003354551894572145,0.07570724096802425,0.0762415509872972,1.714567852639737,-2.3143238878684573,2474.31826999905,0.028048123011839125,29.128761716344332,957.4801926367671,3820.8007812499995,0.0004643330962783715,0.00046492171834236826,0.051204483783760434,1.6161689228691682,2.206988676222944,-2.8335477988805837,1941.0860825629593,0.06309605834372993,34.76470593440399,1323.7263303097634,964.3554687499999,0.0004603399902480959,0.00046042704127520663,0.04405701878632747,8.173133162566982,1.986273592904631,-2.561501525887653,2064.4311470966372,0.006306417691261988,36.55757023065103,1421.7888617321232,964.3554687499999,0.0027074221308872742,0.0027086460865529084,0.03692823374401624,0.0816017107489277,1.7547351839921952,-1.6533646471972383
k3_3.tsv.part.2,2297.2798064476474,0.23694035596966992,3.3521903669232502,11.541848121654212,3906.2499999999995,0.05868688144951955,0.07505398698156267,0.4190625913693713,2.177993409155195,1.9536461505502922,-1.7608649022325298,1791.661425071871,0.5578447447700892,3.9714605675410195,15.91011176024423,1562.4999999999998,0.04935940557245291,0.05694393821139948,0.35760717936886693,11.58256223447036,1.7483801498797777,-1.3157755568322056,1959.9452011245903,0.05305943645257437,4.284004886625482,18.221561931856776,781.2499999999999,0.03822707820640132,0.04584014907350356,0.30661596866095436,0.10163933815719113,1.5117949274994649,-1.9196237875194657,2507.3513060617647,0.1092573463221386,7.372970486644267,61.45019585900509,3710.9374999999995,0.000660625412789348,0.0008774798612389097,0.20878252198232017,1.6070188616514665,2.196461816017755,-1.8980988813718085,1990.2804077777294,0.24917879395144413,8.944452022503105,86.6594767797263,976.5624999999999,0.000492305943797787,0.000694581393148602,0.17890858622254904,8.265993356822872,2.0004230612500433,-1.7812742668751957,2221.0782265275384,0.02381273489736074,9.449386731560086,93.79025779203776,976.5624999999999,0.004281288580578805,0.004661423484547686,0.14901854122119182,0.07477336294558358,1.7133320067294653,-1.8669197387659653,2506.1312819025256,0.05439267550220416,12.664493058798989,168.49977724971637,3808.5937499999995,0.0007888352660966618,0.000811016784029617,0.10539105609290879,1.5346008823379669,2.2043659662727713,-3.1037063577775728,1987.1977244727375,0.12267857953571806,14.988747722958696,232.17459251119809,976.5624999999999,0.00036696541721500616,0.00040773279994359103,0.09145308093920271,7.785240462206747,2.0034852580464078,-2.658750333359453,2209.143901188485,0.011651926809538648,15.93107921740502,254.42781950467514,976.5624999999999,0.003031218259134272,0.0031020347630829836,0.07678193716972882,0.07005928675519403,1.7640669034863754,-1.969182433222897,2497.4862421933226,0.027955857907177122,28.779968949271975,928.5979118165955,3820.8007812499995,0.0003700838165029974,0.00037125402717734274,0.05137410066349792,1.6055814055009172,2.2087424262993056,-2.9350699325462664,1981.0553571610346,0.06284679383246373,34.23382502613682,1284.2924949800074,964.3554687499999,0.0003157557773444952,0.0003157559101124952,0.0445315584108068,8.109024098313887,2.0048984693152105,-2.3925718569224674,2193.3206712083993,0.005986888098891466,36.3119306826996,1400.976638333789,964.3554687499999,0.002548693178044542,0.0025492581358889307,0.03732032100412613,0.07354424726819203,1.7928422593227162,-2.0420110368561675
k3_3.tsv.part.3,2341.1917913590187,0.23645521714061365,3.3205572296683656,11.316228666197583,3906.2499999999995,0.059525885088241054,0.0764883145338104,0.42393394519863364,2.1766604176901323,1.973231734756059,-1.7746314132786511,1820.1474367529977,0.5635635326245072,3.96817235179555,15.890577237800269,1562.4999999999998,0.05092447455486422,0.05876956165874961,0.3593890815283507,11.834649150840146,1.761345485494967,-1.3232163547843954,2035.7607017561168,0.05252105207473778,4.267696636771562,18.103701772825538,781.2499999999999,0.04230492024535389,0.051322181512278915,0.3107118172359339,0.09981733689406037,1.5426782414351772,-1.1414628156828412,2556.4493539226655,0.10914077701107665,7.304690366916927,60.371707600337,3710.9374999999995,0.0007372847540712971,0.0009344211475022081,0.21119198267002517,1.6051464708955623,2.217367453448426,-1.9082189361568829,2020.435036871355,0.2519365100117728,8.931886460265616,86.48357299875182,976.5624999999999,0.00046562207175828254,0.0005343790053532936,0.17983363036495728,8.452686076195482,2.0152994659995622,-1.7829212230748634,2320.278779679566,0.023606447452128452,9.429845277904775,93.50427872756256,976.5624999999999,0.004056604873719283,0.004355718261866249,0.15102399314712772,0.07352672136591885,1.7504960610028848,-1.874044847247946,2554.1954745240378,0.05433558187205183,12.581414845092825,166.5446986994379,3808.5937499999995,0.00047866514433263474,0.0005262853199126482,0.10647986833669033,1.531730355194768,2.2245275956080848,-2.7330343887086737,2017.8723423452077,0.12393084852781354,14.975314592870092,232.06617826912287,976.5624999999999,0.00035359811850916727,0.00038301199757052976,0.09193711223573135,7.945690226497464,2.019000562301102,-2.82918929158675,2309.4716977784424,0.011514415609662466,15.91850611845045,254.26977719546795,976.5624999999999,0.0029862983374121816,0.003084414712694739,0.07759539163354165,0.06842396441375406,1.793382593390209,-2.2023563786176927,2549.724603907004,0.027849806661960526,28.385837259045132,899.8922246821132,3820.8007812499995,0.00032751016344685635,0.0003282435671561808,0.05195666851699227,1.5935185519022042,2.229956292688572,-2.855214443352773,2017.415709381242,0.06339530066765324,33.856313382249624,1255.171271675671,964.3554687499999,0.0002910982615644264,0.00029509018407183153,0.04491633511512395,8.251471173672206,2.024915369414437,-2.5653653037139312,2293.768579820158,0.005871999423553363,36.006994396874624,1375.9026332825915,964.3554687499999,0.0024963403846635784,0.0025127341101537793,0.03779225033794639,0.07075119952131495,1.827259103334667,-1.8619962552580962
k3_3.tsv.part.4,2359.917479918579,0.2347004016868899,3.331769901395318,11.403241753528787,3906.2499999999995,0.05981426748951511,0.0759800571221588,0.4249793501887994,2.146086014521996,1.9826033846707145,-1.7709115528879593,1850.2950883645196,0.5638751810763502,3.9559274524941825,15.796497272519847,1562.4999999999998,0.04994075000628111,0.057994395853155946,0.3612651994245659,11.861928030240046,1.772982586218917,-1.3369090169187747,2195.656672893737,0.05108722665135066,4.251256777692063,17.99964629673853,781.2499999999999,0.042084784372873524,0.05068301682589641,0.31750549302552245,0.09480928178427701,1.5928433174949759,-1.9660851107506196,2581.091331485044,0.10833012149863949,7.318821862725615,60.63254682741261,3710.9374999999995,0.0006963990943891896,0.000871019991790481,0.21191375230065962,1.5818525231841387,2.2271090106747904,-1.9033129841004561,2054.059434714326,0.25244523061155216,8.904575049905613,86.09729817883122,976.5624999999999,0.0005058590937679712,0.0006327217306124354,0.18076997232649666,8.489632368583964,2.0247208587728824,-1.7873698404699658,2499.1173059779658,0.022933085825736506,9.406138972162765,93.21431341892597,976.5624999999999,0.0043835794458458545,0.004734503501184913,0.1546832689586712,0.06946781859718694,1.816206268733087,-1.8909445699355696,2583.6815296549057,0.05405361617798338,12.573322404641065,166.77790862270018,3808.5937499999995,0.0006419255777643388,0.0006866089815450264,0.10702768401918251,1.5160495839383425,2.23613195945899,-3.068545376706368,2057.9100525363133,0.12415496771149352,14.930959996833614,231.2549884253796,976.5624999999999,0.0004398020261739296,0.00046285229268019695,0.09254138331113074,7.975336024192899,2.033381486276614,-2.788627427146281,2502.1544514830334,0.011214286509079458,15.877567138479671,253.8486734651937,976.5624999999999,0.0029946298720702202,0.0030452166109546973,0.07968349203582113,0.0649246291406685,1.870579344801574,-1.9145327384371162,2593.318393062583,0.02765834771953727,28.142432369945006,881.7192300202964,3820.8007812499995,0.0003930004148609417,0.00039359642893312824,0.05232951256490899,1.5717449004785515,2.2445664872858107,-2.7881848727308944,2061.4771850764023,0.06362600884933925,33.398397306014914,1220.208143233522,964.3554687499999,0.0003795907469773818,0.0003829148111020723,0.04525827130326332,8.311893727740147,2.038651942598486,-2.3584361408674517,2532.5537021701903,0.005713595689630759,35.627209389473556,1348.4297840538497,964.3554687499999,0.0030694364217942055,0.0030694364226378263,0.039047055060513654,0.06699195030944331,1.9247265230456083,-2.118604164899137
k5_1.tsv.part.0,1443.8397019947067,0.37241114665717506,4.169085549048755,17.30579120766997,1562.4999999999998,0.038445698580053686,0.045909192205412466,0.3187876926175714,5.0418892246548745,1.5184132506202712,-0.9827308590668893,1548.0226425484066,0.899635140673394,4.1849967746790195,17.389731296347623,1562.4999999999998,0.035753121877132754,0.04038129483597962,0.3187593238472438,29.422098741887186,1.5555287767941972,-1.2770117359860735,6618.899625904124,0.003651784000709325,3.122701426985791,10.315385386306358,8593.749999999998,0.21112843711449694,0.24664264493149748,0.6564071581973188,0.0006296865104568439,2.7872877928998188,-2.5921394483601055,1618.954570226389,0.16671030035609954,9.472499827031571,94.88190776996048,976.5624999999999,0.00034653076875334023,0.0003809066696456615,0.15534862307009284,3.6717323943546236,1.7064224374420194,-1.8997846784028927,1739.4005116626356,0.4027908835668785,9.495079943963166,95.20068015347812,976.5624999999999,0.001039513805079785,0.0012393598235828323,0.15529559261654774,21.433763402779554,1.7478416376472004,-1.8894271413206862,6459.332193704542,0.0015614754617071377,6.661025277553483,55.31234148180676,2148.4374999999995,0.08904810329344702,0.10337908923742581,0.4005592464743319,0.0003649939061503948,3.6377215701722507,-2.665020102438723,1619.170073222969,0.08256042468117024,17.255575105397504,314.65781690567127,976.5624999999999,0.0004456585367837424,0.0004678271198785709,0.07882729986169942,3.51845050752119,1.7110814363642248,-2.3102119081646837,1740.3710746333022,0.1995704848824852,17.30720581138658,316.09187712807216,976.5624999999999,0.0007393512239869573,0.0007714179094274702,0.07880212605809882,20.558836002087507,1.7618521719449234,-2.3277404294856634,6295.034288869973,0.0007430580712031118,13.685811318786879,225.03312478870942,1904.2968749999998,0.057196981931046824,0.06289875044020941,0.21671366860359326,0.0002965479753760019,4.2643008903884665,-2.820502025332342,1621.1435870965975,0.042023329821037285,37.9108520868921,1545.7419923695318,964.3554687499999,0.0003930168247687216,0.0004357024668065392,0.03865708083738118,3.623859857280759,1.7204221378187552,-2.173574153383319,1739.892455822362,0.10168657199271217,38.03043193715856,1552.9531765278277,964.3554687499999,0.000933050092742041,0.0009362824715990725,0.038593312747341305,21.218542458672918,1.7740993116891624,-1.9684071405736874,6307.950400735225,0.00036798910206399483,31.350254439233822,1165.752605726468,976.5624999999999,0.04687811278909293,0.046953567876113274,0.1068414107636977,0.0002806346553157689,4.766991140172188,-2.541499322408238
k5_1.tsv.part.1,1428.289994891525,0.37424776553818406,4.170682429076225,17.310459126257246,1562.4999999999998,0.03815209220048952,0.04581309171797912,0.31762620608049635,5.088325452485565,1.5095918643933866,-0.9867061918865468,1547.1186512632337,0.9049030192609047,4.1807823861665865,17.350113224658806,1562.4999999999998,0.03642034593537603,0.04113805310072615,0.3188880291743686,29.76989167079888,1.5554628258927348,-1.2782403917824403,6657.876330682274,0.003563574145096883,3.1872668782569966,10.824730081482098,8593.749999999998,0.21338163533993457,0.24154477178582157,0.6631597776855565,0.0006033675419758071,2.8040808735503706,-2.5601738710028124,1600.64533041182,0.16758064843223613,9.477929325900451,94.95292383417139,976.5624999999999,0.00032777014725663144,0.0003528648024133784,0.15470241866725284,3.709444817119919,1.6960828337666198,-1.897916986102311,1739.837024422859,0.40513536659886146,9.489176017644178,95.10587539855425,976.5624999999999,0.0009721950691270897,0.0010795437602879189,0.15554106204353388,21.685619669585872,1.7511115333346141,-1.8900290044393124,6620.018600785337,0.0015294744766981224,6.837042371062026,58.05797591843486,1953.1249999999998,0.08274205316588758,0.08947298305467218,0.40235380003928095,0.00035062159548384357,3.6562239718557574,-2.5816519432461016,1599.3354603439006,0.083436295784717,17.255267117423198,314.34345258145925,976.5624999999999,0.00039442574631442254,0.0004225333508805833,0.07843803964337132,3.593281298071606,1.6987813498738598,-2.0147039816921475,1736.312843459485,0.2007528595504034,17.29288774648356,315.5682994453308,976.5624999999999,0.000725474196767059,0.0007574108715083061,0.07888795298274405,20.80344307864305,1.7618165048452419,-2.063331449383188,6568.359774402517,0.0007234840068788042,13.6316030198691,221.6912398255653,1904.2968749999998,0.05613476754748281,0.05771340536919645,0.2126315479936375,0.00028065946657566856,4.251339943540221,-2.9658746927141606,1598.778144491898,0.042644698799797265,37.9564724920268,1548.1437071418916,964.3554687499999,0.0003231145518975548,0.00032677712595636,0.03840378155555133,3.731746280256447,1.703150791063913,-2.2613466998328136,1739.9265222728816,0.10255700939286055,37.98031721439191,1549.1650620555924,964.3554687499999,0.0008875066327862502,0.0008931833837098848,0.038641287485430796,21.583438663394265,1.773819013160726,-2.303186118252045,6483.280946239597,0.00036158807689386344,31.092790467187392,1150.9275719074456,1916.5039062499998,0.04687316247494258,0.046885642478582464,0.10529085434007357,0.0002708683915178147,4.742990029773323,-2.58202589656217
k5_1.tsv.part.2,1391.7351802782,0.38287606966323323,4.176795047741499,17.35688709281901,1562.4999999999998,0.037007963990324404,0.044713254813916165,0.3151550578525239,5.318088816382195,1.488037866404868,-0.9841015415857309,1507.4819293458181,0.90980501233653,4.180640494886989,17.35179560474874,1562.4999999999998,0.03491021221570257,0.038701829206557736,0.31758603218301046,30.070664984624432,1.540245157884413,-1.2766443633805173,6666.702879081652,0.003421177050710378,3.1409503389301667,10.507646419561821,8593.749999999998,0.22896026406278147,0.26135028582642766,0.673699310705069,0.0005615531175748278,2.817087439791002,-2.5700110882635934,1559.5686133289562,0.17132071423705722,9.487360486402414,95.0884106010127,976.5624999999999,0.0003114621869972529,0.00033113745088366315,0.15333208679736476,3.8752690726114407,1.6682890298826527,-1.8945695708936894,1692.2724334561572,0.4071788445931542,9.49970879700942,95.28023213592638,976.5624999999999,0.0008884879897047451,0.0010113225792205223,0.15453315777609616,21.89824912446318,1.7270072627408461,-1.8890849827209275,6523.589830202913,0.0014749102713635398,6.733974592769568,56.58175418376546,2148.4374999999995,0.08491632814069161,0.09692300045873917,0.40788231566225075,0.0003273079095084707,3.6678589168776394,-2.6065854906373858,1561.4897426752536,0.08450139626223817,17.295261258532335,315.81430613977847,976.5624999999999,0.00038630908362053014,0.0004245851353237472,0.07785024244370263,3.685269921258201,1.6737941191176793,-2.652228909470755,1691.1382751592655,0.201799168321273,17.303970722272066,315.8300707275131,976.5624999999999,0.0005963172070438982,0.0006281456880453789,0.07840626271223348,21.01927730193783,1.737469544092394,-2.1989394043880863,6432.830686866321,0.0007036125164307655,13.47825665692236,219.3271886291386,1904.2968749999998,0.06227081624390996,0.07044848041030709,0.21911815925300812,0.0002661650645198363,4.279374369241617,-2.729142377066464,1561.2183988004842,0.04303237870785261,37.943805377101555,1547.0366532909568,964.3554687499999,0.00040176030287343567,0.0004394228077611166,0.038205936349532156,3.7998472578219586,1.6832279620242554,-2.0886470959453316,1700.2240741128614,0.10308788497400925,38.001542371930476,1550.5870397068888,964.3554687499999,0.0008382413700448732,0.0009114053005748007,0.038492607543541,21.807216076103117,1.7543812166663288,-2.0648403245163114,6317.382354438086,0.00035851103229515125,30.455262831335272,1115.941848779202,1916.5039062499998,0.0602999546668658,0.060342695833986174,0.11109897766449564,0.00026660892536578274,4.812316749658016,-2.5270765311930425
k5_1.tsv.part.3,1383.110023071121,0.3833668128165268,4.175146605796453,17.337576116025307,1562.4999999999998,0.037235093565179254,0.045198667119154476,0.31463433488182974,5.330139702961592,1.4842024894297159,-0.9831587635586271,1496.1822217291713,0.9148037421812094,4.183712246459256,17.3658242806527,1562.4999999999998,0.03488105180629519,0.03896980211662351,0.31583436397724834,30.37136470120424,1.5280563224832437,-1.2693309530976848,6768.879204200686,0.0032051534947037104,3.015211789589688,9.72669368957149,8593.749999999998,0.2350201684296966,0.2726195731154661,0.7005856626082414,0.0005054019281982641,2.8478153139097886,-2.59273923764889,1549.1707469272117,0.1715597559087788,9.492445534938268,95.16353075115697,976.5624999999999,0.00032576993874674945,0.00034720289344797165,0.15300188205480222,3.885706787075171,1.6642360456594016,-1.8937378876936324,1679.817616005284,0.4091519875425908,9.50125863324495,95.27486653070345,976.5624999999999,0.0008927667711964777,0.000990596241195215,0.1537611000757634,22.105856132922046,1.7147466521222738,-1.8859964292533675,6721.351381256637,0.001369329097506452,6.7110586873113585,56.36717240829583,5859.374999999999,0.07949826202680083,0.08824926605355651,0.41756036055133405,0.0002840569352171714,3.706372683190655,-2.662473075096451,1547.7103441504396,0.08495721841643437,17.314954980927418,316.50336780413323,976.5624999999999,0.000426148658519344,0.00048186476501236626,0.07763752407142488,3.725013266138114,1.6672167283547938,-2.2873415311744987,1679.2122617405678,0.20272416600064933,17.34164679064333,317.2001327307636,976.5624999999999,0.0006295253485279892,0.0006432246304013677,0.07799180979127306,21.21104673302879,1.7251741997160925,-2.1406625962463863,6645.214032999241,0.0006604921481671825,13.309244515783282,214.73378805897997,1904.2968749999998,0.05601545324919138,0.05965463365934954,0.22019548335600175,0.00023464718063334416,4.2915901578394955,-2.7916220317089766,1548.8813974571224,0.04335689793876468,38.02206545377394,1552.7224645963825,964.3554687499999,0.0004970786056705256,0.0005129402143306746,0.03808621232616447,3.8573396034025507,1.6784049593778854,-1.8293910253373955,1681.1360110047576,0.10352479988920842,38.08273143676208,1556.4204853607878,964.3554687499999,0.0007417361319952409,0.0007499809136254804,0.03822077266177717,21.991999864138712,1.7371899839773817,-1.7022790903465068,6544.195320569715,0.00034268369422138777,29.820166976473395,1076.570830557132,1928.7109374999998,0.05729134275032416,0.057485726200035656,0.11033529277370135,0.00024354766096181576,4.777322455956275,-2.6458176088276875
k5_1.tsv.part.4,1375.7315049781903,0.3859964441413725,4.176204321590817,17.34664516487698,1562.4999999999998,0.03745170352671295,0.04564511578728001,0.31401745538345033,5.401605896131304,1.4798240154581457,-0.981880410715142,1492.9153787775765,0.9138070428269972,4.18525342728156,17.38308877723587,1562.4999999999998,0.03475085259168413,0.03885465946402863,0.31574045059607597,30.30358571370139,1.5272529375973205,-1.2695104655139957,6833.5155464600275,0.0031262859450686764,2.8742147914619838,8.736797437303599,8593.749999999998,0.22431231809647054,0.26105144517921963,0.7142285037831739,0.0004870611311367048,2.8593846283900195,-2.642437397746771,1542.4888231469954,0.1725609301515161,9.494947965392583,95.19136711324539,976.5624999999999,0.0003294708922144389,0.0003558011581379401,0.15266041858951385,3.9307899672843547,1.6592187920508314,-1.892786450864374,1677.1236976971713,0.4091840636615076,9.50210247982846,95.2852683870331,976.5624999999999,0.0010279500946563556,0.0011879438419927849,0.15372722276372489,22.109097325310106,1.7152544812548096,-1.886106884127334,6744.103007216246,0.0013231673411208975,6.314664167831252,51.00260429980908,8398.437499999998,0.09657653335516271,0.10799530567660791,0.43254030848013525,0.00026810401132658753,3.727032076059699,-2.6432466096264644,1541.545021380174,0.08558240658294919,17.284207180701113,315.1828294432346,976.5624999999999,0.0006212271629106918,0.0007108449199774992,0.07757326148095488,3.7800012015173556,1.6652431035121946,-2.4969815112582636,1673.8598488819518,0.203041607741255,17.321012274783005,316.4300673097938,976.5624999999999,0.0007248163749208091,0.0007662112309310857,0.0780695220083387,21.27778314570539,1.727425040092062,-2.017099223950086,6671.8009622587615,0.0006330468275985987,12.900866697038987,202.7828089988888,1953.1249999999998,0.055638112877516764,0.05781812270890436,0.23026579755664545,0.00021648440806439943,4.353752891116304,-2.8253034174442755,1542.2453862825196,0.0437496624176284,38.043668137177725,1554.189078865885,964.3554687499999,0.0003749361766959419,0.00042786335204426983,0.03799070254903297,3.9275139240762593,1.6733033155942567,-1.7160417905618017,1674.4875170678658,0.10350802720574591,38.101325760945414,1557.738742964747,964.3554687499999,0.000611374392745806,0.0006136375634420027,0.03821196313648494,21.984859544065607,1.7378167278105285,-2.2819395532141677,6624.143766070142,0.00032104115545272246,29.99213925234453,1088.22129500668,1928.7109374999998,0.045939673401668435,0.04601331748911738,0.11360866061020776,0.00021391090222584364,4.8615794504050225,-2.725579870961941
k5_2.tsv.part.0,1359.0641013818854,0.3925239438244754,4.179259334347605,17.365244816656915,1562.4999999999998,0.03745474341082829,0.04577914825328813,0.3129294654913364,5.582373137477434,1.4711047994553772,-0.966839678677251,1457.4515011864576,0.9217811383425023,4.185337928664025,17.381673586503382,1562.4999999999998,0.03503237916586719,0.03984064513051992,0.3141297970459774,30.806319596603753,1.510273082615847,-1.2666411335870038,6648.255372685988,0.0030760332715775163,2.9439301724231814,9.22212705260906,8593.749999999998,0.22602921953440844,0.2596789459646742,0.7057555004680747,0.0004677719134582645,2.8490188126903218,-2.5964123447820784,1522.237235687149,0.1755606770385998,9.48928621719093,95.06519038208337,976.5624999999999,0.000389882182959994,0.0005930495604089045,0.15226011072441958,4.068155829582445,1.6518951349887354,-1.8912391097615653,1638.0834922961456,0.41196168222897195,9.511974514248925,95.44089628648362,976.5624999999999,0.0008405852556676784,0.0009824392625089593,0.1527485106238158,22.403710733667516,1.6932929869668372,-1.697905411297601,6594.3694608013675,0.0013008372627089679,6.547310676206166,54.24200932814526,6835.937499999999,0.0812232280479312,0.09156438829293814,0.42454354536417777,0.0002576350552307167,3.714064188985885,-2.707621973454746,1521.8343814144953,0.08717426376715502,17.274573855927425,314.4763008006212,976.5624999999999,0.0005251142419556235,0.0008145725875638058,0.07727407365947914,3.921746562960123,1.6572126706638792,-2.06320139849779,1638.1229125152145,0.20419498798141753,17.300747409328306,315.3704896704125,976.5624999999999,0.0005949667796132619,0.0006157473241069964,0.07763504053976933,21.518760097849118,1.7054776841396462,-2.2820392978069246,6523.594772049195,0.0006312822555059032,12.943615683076683,203.99484005885728,1953.1249999999998,0.05278004071543642,0.05406882507080749,0.22319183343604446,0.0002146234319860794,4.3006239686528875,-2.947243169225685,1524.6629469460709,0.0441486782917313,37.93226919029292,1544.2283877773618,964.3554687499999,0.0003697998653665324,0.0003915422037735508,0.0379056500632108,3.9994561004475555,1.6652778189449624,-2.1634030803123143,1641.1512519965543,0.10410577986775532,37.96191922584269,1545.9138344014148,964.3554687499999,0.000809545181659127,0.0008811268692922133,0.03804348075725323,22.239229923764952,1.7173110132565583,-2.0780599953787044,6347.9437675871,0.00032238920248696444,29.44741066606771,1058.6788889740735,1928.7109374999998,0.05746561038369863,0.060142423379676464,0.11504428599262136,0.00021578099821329227,4.846434448861059,-2.548318806896567
k5_2.tsv.part.1,1358.3468094095947,0.3921090914502692,4.180259420187161,17.375317101033055,1562.4999999999998,0.03744002671467932,0.04629174758638961,0.3127516266909083,5.5700149721385355,1.4696468014202198,-0.9799003847037482,1469.0452059098156,0.9149262486876544,4.182685402650742,17.36145306917447,1562.4999999999998,0.03476996776392354,0.03946159412922446,0.3150939324891853,30.36659485415041,1.5179895510026884,-1.269233304822991,6733.848922378833,0.0032113945943903054,2.690751022888149,7.38246880467786,8593.749999999998,0.21956476213233672,0.253201952475041,0.7019343329628716,0.0005080158379715757,2.8257987060306524,-2.3559738158361387,1522.8478270335827,0.17521482594405782,9.498771496021565,95.23462791289063,976.5624999999999,0.0003493850267501541,0.0003823143239584603,0.1519996522260486,4.051829398334658,1.6472133178703001,-1.8906477000488864,1652.0628197312171,0.40902473588780197,9.504706306114834,95.32384903274215,976.5624999999999,0.0010011722240516013,0.0012156175677103156,0.1533399695907505,22.08931667291351,1.7035936678336139,-1.6982727826927386,6574.461335159399,0.001346274966604817,5.680936719964264,41.81145954163762,8593.749999999998,0.10356444062640077,0.1165759410636949,0.4369845283663051,0.00027845356173801826,3.699111002062617,-2.967523539282899,1525.0370171846264,0.08653465722435678,17.29868256854947,315.471187741723,976.5624999999999,0.00046937233020903716,0.0005129956491523983,0.077186323856489,3.8643570997622856,1.6527450979673677,-2.550149302581966,1652.453081863998,0.20257957457911224,17.29708408216956,315.20983043796673,976.5624999999999,0.0006763581681359915,0.0007267275510220212,0.07782601907560495,21.18025643928691,1.714900066589379,-2.394388216842616,6369.1304121676285,0.0006276731648687722,11.905181995007739,180.23253657768353,2880.8593749999995,0.06309237635071294,0.06533129523632684,0.24591827491474877,0.0002143311280264819,4.370589562936012,-2.9152018818600443,1524.6078543073877,0.04414788417112519,37.89069325606824,1540.9896771924725,964.3554687499999,0.00034605136629703437,0.00034609699264841225,0.03789488464900391,3.9993089631338923,1.6637294370118363,-2.166573222042212,1655.6015495265356,0.10343172660260291,37.91974616387905,1542.816160638167,964.3554687499999,0.000767728106710705,0.0007883255901095113,0.03819010028789703,21.952422740747934,1.7307282260991748,-1.7238911117351512,6275.122644436817,0.00031597118947360213,27.933770443393183,975.3584438947117,1928.7109374999998,0.050391338673429556,0.0506593235003096,0.12720868828812346,0.00020787796079810154,4.945043171758644,-2.685881134224408
k5_2.tsv.part.2,1363.6130980851071,0.38807587940375493,4.176468178919599,17.344184150618382,1562.4999999999998,0.037342822447572005,0.0463678983927911,0.31339334688308973,5.458015515240461,1.4742061487883378,-0.9802367181864713,1458.6177075754001,0.9148129013947164,4.180765585283728,17.34612567270023,1562.4999999999998,0.03456965166049963,0.03880094033472083,0.3150320793489816,30.35799489411119,1.5150532166343094,-1.2674699776204639,6665.981343858051,0.0032826449152226567,2.8063922126081344,8.197314283110627,8593.749999999998,0.21768828304110374,0.2495028267847,0.6907359738247416,0.0005252625186805153,2.8161132944971725,-2.6774257104016206,1527.960356172819,0.17351505608243242,9.49298270401528,95.14175202855334,976.5624999999999,0.0003184768365750719,0.0003456154899048016,0.15236208910077492,3.9740250598377513,1.6533628411246595,-1.891925409890089,1639.9359369621545,0.4090162891644209,9.499768922176125,95.23748991541116,976.5624999999999,0.0007550948541034688,0.0008784145740193733,0.15332005736801407,22.088272574900166,1.7003775156286256,-1.698064916752425,6605.58613503973,0.0013723803595929967,6.210840144103304,49.41896945002414,8593.749999999998,0.08864534857016929,0.09704266969066372,0.42426849176320136,0.00028669629940173097,3.6850550489088363,-2.722797748583833,1528.8140652274117,0.08594881744305345,17.303361983090788,315.7396909402311,976.5624999999999,0.00043936681236657257,0.0004892257151524664,0.07730661454490921,3.812281232627667,1.6569468475466356,-2.735499926783292,1642.6808141604974,0.20254062353041014,17.314837866636317,315.8984340124586,976.5624999999999,0.0006193882157236955,0.000642906022485024,0.07776295455212709,21.171905848828132,1.7100748705437714,-2.293480740473065,6537.98041256991,0.0006442576138474249,12.598755418350192,196.62888296876355,2880.8593749999995,0.06467619552220505,0.06568030489222701,0.23174729838650118,0.00022436560023935117,4.317382396586531,-3.1292047497468336,1528.3902275024104,0.043950600931302916,37.912929954456516,1542.9809144828143,964.3554687499999,0.00045593142465681635,0.00045601209060159664,0.03794906763640566,3.96366174156174,1.6681285087174813,-2.1293310315474607,1646.4303940744483,0.10360705179167437,37.947126656009814,1545.4130385113626,964.3554687499999,0.0006140866077208873,0.000615580063636789,0.038190556963971244,22.026908867899166,1.7251689201424674,-2.049511147894863,6394.691087671209,0.00032279901164918186,29.533915714558084,1070.8658194775844,1928.7109374999998,0.04695668524726254,0.04782636866387854,0.11949339609952138,0.0002165527206148434,4.891770086540838,-2.678595427640652
k5_2.tsv.part.3,1367.7715444516195,0.39006117455342965,4.181207872360199,17.386353620767938,1562.4999999999998,0.03639636718716521,0.045073071314642436,0.3133384646245795,5.51382922789911,1.475007161520801,-0.9805408675383714,1455.0280205531587,0.9179147778092126,4.1834375853665176,17.367065247118394,1562.4999999999998,0.033989554202374074,0.03783906213184737,0.31475563194301037,30.559374082740128,1.512670740388284,-1.26339568116987,6741.76032378359,0.003083527814689367,2.6906371368095274,7.328540688572145,8593.749999999998,0.2270461099331936,0.263352482587152,0.7017179446672352,0.0004682710081725813,2.8289427457572747,-2.70836729194478,1533.5726929044936,0.1744421151275257,9.495922539369989,95.19122294941299,976.5624999999999,0.00032830978890712175,0.0003489201890867318,0.15233663383034438,4.016573024961668,1.6526407859701204,-1.8915989175070897,1633.2656727172525,0.41042728805516354,9.504617541205587,95.31248183760549,976.5624999999999,0.0008198128812698023,0.0009849438663293946,0.1530921156708965,22.239415210421267,1.6953728013287017,-1.6975973105941118,6535.535785259308,0.0013052228007875458,5.674091527237234,41.8555718442534,8593.749999999998,0.08579181015788892,0.09478789375505274,0.4377832773299664,0.00026188417818978925,3.6984460795858185,-2.83070304009346,1533.844050960635,0.08635646809825615,17.287707318317445,315.14435324394225,976.5624999999999,0.0003806795530694283,0.00040849149790401286,0.07736397436396127,3.848563825758788,1.6575302785030244,-2.774985507328407,1635.7590687536526,0.20314354623460815,17.311690950431505,315.6828910378068,976.5624999999999,0.0006278118088363861,0.0007244056674721278,0.07765149102609906,21.297775740986026,1.7046025836732757,-2.810250945307516,6407.573323352311,0.0006093710994498324,11.843371094415815,178.74298271600748,3857.4218749999995,0.06829342015502003,0.07363753283696844,0.24216795694475587,0.0002016654747581802,4.335029339673736,-3.068041247677678,1533.2454436191476,0.0442466393567651,37.881835555796755,1540.7124086830993,964.3554687499999,0.00032676052346661266,0.000378531703249192,0.03794429873487729,4.01723625832387,1.6652748215168545,-1.8493765951516634,1635.9177756709664,0.10389599398654058,37.96434684851894,1545.981378552343,964.3554687499999,0.000454536847316514,0.0004560788378266154,0.03805956434407405,22.149717765827297,1.7138854741948752,-2.3208952470178925,6324.240297575917,0.0003002016887909439,28.531869963075067,1014.2693998260387,1928.7109374999998,0.055083523100640894,0.055145562965087214,0.12269155857687951,0.00018743773737518312,4.888025415715429,-2.709699195219531
k5_2.tsv.part.4,1376.506775728948,0.38347540959046167,4.1723834186997255,17.312814722634037,1562.4999999999998,0.036871942300424475,0.04597801607800131,0.31447365506490843,5.332669339494684,1.4822912012008194,-0.9820887981155002,1462.7712841752334,0.9143557553738522,4.180180263265694,17.3376632166757,1562.4999999999998,0.034163222062038714,0.0379321877480034,0.3154090190482113,30.334218093820514,1.5176974624304063,-1.2661899880772445,6582.804494206283,0.003209478044349502,2.7125469495915477,7.467404040156502,8593.749999999998,0.2186846954096627,0.25176327870169163,0.689201155522438,0.0005013883722888373,2.8098636385761697,-2.6799039965128078,1542.92862898403,0.17139993812429397,9.494158556585916,95.18087288789602,976.5624999999999,0.0003153261619501935,0.0003425293633646794,0.15285649684645386,3.878302120091454,1.6614064442510292,-1.693681819077371,1644.8586374110068,0.40846422650542336,9.502574080608998,95.29103137955548,976.5624999999999,0.0008006942056937251,0.0009532854510800288,0.1535583177119054,22.03025996520297,1.7036921953444897,-1.6984330245995019,6450.897833909548,0.001341671976698343,5.771711899275381,43.04269627645799,8593.749999999998,0.09389751442261803,0.10511287930034202,0.42951705040370297,0.0002750501811656081,3.6779919174254987,-2.9131760646969833,1543.8281446491685,0.08488682348513067,17.262994100084793,314.2508635880791,976.5624999999999,0.0004330938258032742,0.0004600743850803997,0.07764649548215484,3.7188479357198685,1.6665299548590342,-2.1294019727818543,1644.0389117908046,0.20222906351152167,17.282844912611523,314.5796567133287,976.5624999999999,0.000647231949776166,0.000681004013442955,0.07787434012602264,21.1071838833288,1.7104572807454876,-2.223662793361533,6268.594843339374,0.0006313549282458718,12.029591949807426,182.66910582357121,1953.1249999999998,0.07070583875336475,0.07737481450740488,0.23743814951126913,0.0002160147467526279,4.314851395737257,-2.9138593741511776,1543.8309473832273,0.04330552898458664,37.830090157511805,1536.323320330496,964.3554687499999,0.00042945675218988844,0.0004908713893796355,0.03807549209348025,3.848201581875915,1.6756778099969514,-2.147126715911101,1644.5409406894898,0.10315886582729819,37.84290376194254,1536.5832897771543,964.3554687499999,0.0005089627131044383,0.0005120469213972034,0.038229917785830306,21.8368175392053,1.7229059296594218,-2.338349592811675,6378.748064952954,0.0003051943448574581,28.633074472305708,1011.4267335582274,1928.7109374999998,0.04973789901610408,0.04976940682592304,0.12123226458999552,0.00019365620234721315,4.903680936988696,-2.55282307697994
k5_3.tsv.part.0,1394.138931581214,0.38128567066760183,4.171886365359732,17.321520619284147,1562.4999999999998,0.03693407146892653,0.045816480127567144,0.31593127329829784,5.276349886511107,1.492378961039578,-0.9849276300711839,1468.8085596783126,0.9179173052139867,4.184280576493586,17.377776865958865,1562.4999999999998,0.03476200408751365,0.03881539045798342,0.3158113593323924,30.578052268720164,1.5220149633966975,-1.2672506399446637,6734.087353781652,0.0030778644229297464,2.823291407196605,8.281370980079755,8593.749999999998,0.22364649579975354,0.25540776913645225,0.6983379280559563,0.0004650731076307241,2.8324276587920907,-2.624792249780288,1562.5378866440478,0.17057996275766124,9.483154571874735,95.02286604193029,976.5624999999999,0.00030450925135179697,0.0003252045744806477,0.15373779498073725,3.8422975951623157,1.6735064535016964,-1.8965896334988603,1648.1203896298014,0.4107110078988657,9.503066616597968,95.30793865668706,976.5624999999999,0.0006694071336478615,0.0007886624054318233,0.1536826900452592,22.27411549149262,1.7059994546716508,-1.6983505455657586,6717.136623433793,0.0012906188750051297,6.306713430830814,50.69421043454206,8593.749999999998,0.08052280765598796,0.08917030843629105,0.4257271671542045,0.00025381963253222106,3.703736236219117,-2.83757765052178,1563.2822626418038,0.08451754466620207,17.253554186406117,314.1805120310803,976.5624999999999,0.00039521644499950344,0.000436068191277214,0.07806237403286548,3.6867997809622013,1.6779276010433184,-2.40287042690866,1646.5685993771938,0.20382652878203342,17.29198802439272,315.22366759212537,976.5624999999999,0.0005009884260972306,0.0005309443673937626,0.07804311750006457,21.442525172888143,1.713994177230205,-2.4038806930966667,6650.066568730828,0.0006154158488293191,12.60061652652543,195.77948689794684,1953.1249999999998,0.06075915051683602,0.06624279259731691,0.22573944744282892,0.00020419269524886595,4.294668751118551,-3.0934559057199222,1561.623986529909,0.04322469975445918,37.802918956239715,1535.7647454415076,964.3554687499999,0.0003342586861708047,0.0003423862654529996,0.038286707645956444,3.8339114937657848,1.684672866382781,-2.135772063168016,1646.7948220077951,0.10401823077468521,37.94849148024884,1545.2532707400246,964.3554687499999,0.00047663376745317454,0.0004795442284399825,0.03820366441181192,22.202111690842276,1.7218656705610984,-2.2062451688236826,6457.093531558205,0.0003098001395153201,28.82129394100175,1015.9075743888313,1928.7109374999998,0.05693575934104604,0.057585249137437546,0.11733819095445831,0.00019936267963858442,4.88823075608184,-2.6833456489695435
k5_3.tsv.part.1,1399.242201529159,0.3769807780874478,4.168593061149207,17.291663482507523,1562.4999999999998,0.03754409892633351,0.04633234720143275,0.31641676125998724,5.159317347686375,1.4971827280506602,-0.9851155137196109,1482.9873542936014,0.9157446288383518,4.1793152422031365,17.336427924198386,1562.4999999999998,0.03524498328832066,0.03929952298558072,0.31701220639657934,30.454499039284755,1.5312747890128218,-1.271945742708687,6571.526523368108,0.0032943967042039415,2.829953461979432,8.244172015842524,8593.749999999998,0.21918339665273223,0.2558519485544804,0.6781721543666444,0.000522870374051228,2.8023016779732752,-2.6519819615553306,1568.1229174750385,0.1685974408650705,9.480481590138275,94.97880966053829,976.5624999999999,0.0003363887959786317,0.0003643964467689952,0.1540224168807503,3.7538255593603242,1.6815080291651663,-1.6947972881117392,1668.2997465497976,0.40950553885765884,9.495155040205903,95.18643405109401,976.5624999999999,0.0008555677274919873,0.00102511309483917,0.15448324068549582,22.14889164369513,1.722773795684335,-1.6992676785831353,6464.568992627917,0.0013730667713893533,6.008166746318767,46.369163729087475,8593.749999999998,0.09120987616215338,0.10038099289667342,0.4254594886445285,0.00028722928945750133,3.6788678822447434,-2.797091110742385,1568.5511018786124,0.08366430113563006,17.270770294646642,314.82286359027614,976.5624999999999,0.0005404170726894988,0.0006279450796178846,0.07809111811180519,3.6127517680708583,1.6839301641398698,-2.669668541608413,1666.9836148795641,0.2028997243210902,17.303785410282746,315.8537051564255,976.5624999999999,0.0005698137917534821,0.0005890249818538768,0.07839135532873463,21.249119586781852,1.7311823080562507,-2.6095783334791314,6379.967449408364,0.0006345325412443849,12.556338590336866,195.33963217375464,1953.1249999999998,0.06690778168933174,0.06903208053397236,0.23305130741951854,0.0002177683140757344,4.330622692102708,-2.875732381620504,1568.8143543294598,0.04282491827024599,37.845129485135125,1539.163950276901,964.3554687499999,0.0003728889553893666,0.000426925799001305,0.03834339003976457,3.763336750934548,1.6959600318432024,-1.7502481422447476,1671.878323947263,0.10379135103544651,37.94112683597218,1545.4278034022645,964.3554687499999,0.0005641992261336964,0.000569794392090419,0.0384241238339333,22.105737772584998,1.7440665298429967,-1.7038614236565197,6376.040689237358,0.00031768593732752685,29.139382228597086,1038.9342826542797,1928.7109374999998,0.05909638548799406,0.05934451082856074,0.11927360933880546,0.00020973589451529914,4.912464702333946,-2.7742806923316117
k5_3.tsv.part.2,1388.6580059369899,0.38116232777895803,4.172899716040085,17.32818554456852,1562.4999999999998,0.0371602241740487,0.04571156488949263,0.3155778316865684,5.271866607247912,1.490753985906865,-0.9847247826240949,1471.5278648030423,0.9202448636377485,4.182225312430911,17.360725633682584,1562.4999999999998,0.0346788381623894,0.03877632834256999,0.31614501984941323,30.739214790650497,1.5239843616639754,-1.27020293343286,6558.450077250105,0.0031962825144403284,2.937795410242857,9.020030789301684,8593.749999999998,0.22202465147123507,0.2534791231421309,0.6829323252511679,0.000494374078342432,2.821399374114548,-2.59635747716148,1557.221747675204,0.17047310845839347,9.483998921664178,95.02819172149769,976.5624999999999,0.0003312512060056908,0.0003615451585802757,0.15358031540351946,3.8373039048318294,1.6740433105206942,-1.8958188490344128,1651.672182944551,0.4118230637386008,9.499423681547025,95.25031067599112,976.5624999999999,0.0006876861954760308,0.0008962794774083167,0.15388398717836216,22.396253703557097,1.7091018121238046,-1.6989163914964822,6579.603610434397,0.0013590266889129332,6.473720347800961,52.56506120857891,8593.749999999998,0.08327604789710791,0.09148460652657112,0.4105182600025391,0.0002784093264943702,3.670813920160496,-2.69632364649029,1558.5744974208094,0.08414127631924416,17.290757234416322,315.62557153613847,976.5624999999999,0.00047845380391200684,0.0005108096878101957,0.07792517447566134,3.6539681878182404,1.677975431496248,-2.672211906882883,1656.0846467310766,0.2035292804348967,17.320156315806113,316.29324419512596,976.5624999999999,0.0005234693273691647,0.0005549014485422196,0.07807439471699575,21.380133563475816,1.7189278800467371,-2.46570207651586,6525.0149100469225,0.0006448542109232773,12.768756104988409,199.5814449544327,1953.1249999999998,0.06435433421200672,0.0687363180538365,0.2235311402448867,0.00022398335829716367,4.291186429770507,-3.0092105976719785,1557.1359953610086,0.043107016448936976,37.91867962981656,1545.1332380889266,964.3554687499999,0.0003951884160738467,0.0004067837765842167,0.03827081344881764,3.8130589112976487,1.6924382594023666,-1.7315804103914254,1662.1921214999388,0.1040218589786232,38.01620591926796,1551.200823285194,964.3554687499999,0.0004440970499637459,0.0004441784271146218,0.038319017020861115,22.203856265768742,1.7320013025968017,-1.7269960249580607,6458.342865989238,0.00032544781342051267,29.31091631766909,1043.05075930825,1928.7109374999998,0.050387182237417616,0.05080151769342065,0.11155597925503861,0.000219723243487817,4.81519939268285,-2.622446484131142
k5_3.tsv.part.3,1388.3012381456563,0.38017373411133815,4.1718376328633715,17.3138657668416,1562.4999999999998,0.03731230162537221,0.04601846142841316,0.3154687377824335,5.244227186086671,1.4909237901981578,-0.9841315056517781,1464.2375529423732,0.9245546878058892,4.180677827850132,17.342580392060054,1562.4999999999998,0.035114548172905165,0.03909272470461064,0.3155763865509978,31.017680734523946,1.519160321864479,-1.2669322535117484,6421.5909455286455,0.0033300614902761513,2.9719692082554765,9.296991298292655,8593.749999999998,0.21819447673174086,0.24557608609444379,0.673971883604981,0.0005321743818129733,2.805298442401457,-2.5779327350626478,1555.5438724053915,0.16998797709274216,9.48769147274254,95.08887514855444,976.5624999999999,0.0003186359355212586,0.00034606617326251866,0.1534893310803153,3.815390484930292,1.6744828682331665,-1.8954226290128604,1646.4286591173739,0.41350168489418043,9.503972936249939,95.31818207824914,976.5624999999999,0.0008103154833442695,0.0009659252552975647,0.15365969143126418,22.577681863787856,1.708525387025988,-1.6988968169714682,6367.504294452745,0.0014088932873919844,6.557115193059692,54.094275716820874,6640.624999999999,0.08909856108935042,0.09642262935889573,0.4117984990305312,0.00029948501858001567,3.671813846165664,-2.6549958518268033,1553.4150705043232,0.08448428981963198,17.286050132629153,315.40711287701015,976.5624999999999,0.0004866674369229042,0.0005465662645675716,0.07788551953775819,3.683798098358814,1.6771558865180196,-2.2909431909806663,1645.7711015056495,0.2048762707918128,17.32504988219346,316.40191166512307,976.5624999999999,0.0004947306753041105,0.000525277669041456,0.07791433971814082,21.663526913388054,1.7155877924688843,-2.1363659087727087,6276.575788293621,0.000670223362310685,13.224241910762732,212.80023015993388,1904.2968749999998,0.05747937001326625,0.0592703422195156,0.22161493459863796,0.0002417568744506276,4.294000853669526,-3.042790748321899,1553.1513618935749,0.04313076371828497,38.04088727848239,1553.9195153387334,964.3554687499999,0.0005141888366727715,0.0005155614760171265,0.038114548660572796,3.817215731007607,1.6831058474164176,-1.7645058515524272,1640.3580096546457,0.10483827814036083,38.06034451174617,1554.4055648192825,964.3554687499999,0.0004975776070068744,0.0004978296878884739,0.03814323208228774,22.553456782823385,1.7207725265545466,-1.7128864702866862,6183.060798295853,0.0003420075236210959,30.097124130138518,1086.7972956050319,1928.7109374999998,0.050198406737495094,0.05021252256574254,0.10834026676903992,0.00024248293182043066,4.777573185531424,-2.5111423045585495
k5_3.tsv.part.4,1382.7641385491688,0.38368755313623437,4.174448714170854,17.333034285123105,1562.4999999999998,0.0371295697019394,0.0458420856967441,0.31483466184591996,5.339674867291793,1.4857799029328018,-0.982561150006002,1475.2775235426132,0.9237271501422271,4.181234896967463,17.349573458248237,1562.4999999999998,0.03501884471366089,0.03901917439116286,0.3163274342469169,30.975543316915637,1.5264921708968202,-1.2682505885513875,6699.784296295371,0.003187337741531442,2.7561922188507473,7.827601981378278,8593.749999999998,0.2288953538306561,0.2614959535277795,0.7020152257445854,0.0005004712333564878,2.8328876078318923,-2.6610793849515817,1549.4441338386464,0.17162879796505473,9.49009893136878,95.12099417393208,976.5624999999999,0.0003001661811333882,0.00031528488604224173,0.1531335878117602,3.888988134065756,1.666433206214364,-1.8945129152701152,1656.0408698031545,0.4131828026006378,9.50600368404127,95.3656119595052,976.5624999999999,0.0006865558870459349,0.0007756821112743352,0.1539703807724008,22.544977478606146,1.715540649529062,-1.6990413091987697,6635.5075961754765,0.001334574849880859,6.034658717712862,46.97643924957252,8593.749999999998,0.07993568839131213,0.08754541761354707,0.43288757771150305,0.0002728158355323946,3.701727832588006,-2.7626421241763843,1549.4366179704198,0.08498277982694302,17.292797979638326,315.63655955262163,976.5624999999999,0.00035669344857648585,0.0003980079321718007,0.07776879655473319,3.7273307045217816,1.6716478479068402,-2.633822846211776,1654.5557594555728,0.20479198303386567,17.331019527062853,316.8154982417175,976.5624999999999,0.000544643000860266,0.000601131459303312,0.07811147832900231,21.646367255686116,1.7226072293595907,-2.2585845005114673,6570.527817896008,0.0006320148220209317,12.426854969683216,190.75536276747386,1953.1249999999998,0.07061126345434039,0.0773289843661087,0.23206394078386233,0.00021594950128900716,4.330304220889164,-3.088291702639195,1549.4217540221796,0.043460963058015105,37.963696734842124,1548.2169989529045,964.3554687499999,0.00034974618490871134,0.00037079653467953877,0.038128653598978775,3.875891098270937,1.6785536874380216,-1.832653218785752,1649.2691434723752,0.10472516522809247,37.99792396410902,1549.8564521681517,964.3554687499999,0.0004268763065875675,0.0004277641731688656,0.038269315613714425,22.505032447361778,1.7275188530162702,-1.8896055999910748,6620.669928082233,0.0003218566471713139,29.401480376950328,1048.6422733866045,1928.7109374999998,0.045920505363830966,0.045924023100258324,0.11070716313526771,0.00021486086330468372,4.80773856871754,-2.73632467853319
