name,x_centroid_64,x_std_64,x_skewness_64,x_kurtosis_64,x_roll_on_64,x_roll_off_64,x_flux_64,x_noisiness_64,x_energy_64,x_entropy_64,x_negentropy_64,y_centroid_64,y_std_64,y_skewness_64,y_kurtosis_64,y_roll_on_64,y_roll_off_64,y_flux_64,y_noisiness_64,y_energy_64,y_entropy_64,y_negentropy_64,z_centroid_64,z_std_64,z_skewness_64,z_kurtosis_64,z_roll_on_64,z_roll_off_64,z_flux_64,z_noisiness_64,z_energy_64,z_entropy_64,z_negentropy_64,x_centroid_256,x_std_256,x_skewness_256,x_kurtosis_256,x_roll_on_256,x_roll_off_256,x_flux_256,x_noisiness_256,x_energy_256,x_entropy_256,x_negentropy_256,y_centroid_256,y_std_256,y_skewness_256,y_kurtosis_256,y_roll_on_256,y_roll_off_256,y_flux_256,y_noisiness_256,y_energy_256,y_entropy_256,y_negentropy_256,z_centroid_256,z_std_256,z_skewness_256,z_kurtosis_256,z_roll_on_256,z_roll_off_256,z_flux_256,z_noisiness_256,z_energy_256,z_entropy_256,z_negentropy_256,x_centroid_1024,x_std_1024,x_skewness_1024,x_kurtosis_1024,x_roll_on_1024,x_roll_off_1024,x_flux_1024,x_noisiness_1024,x_energy_1024,x_entropy_1024,x_negentropy_1024,y_centroid_1024,y_std_1024,y_skewness_1024,y_kurtosis_1024,y_roll_on_1024,y_roll_off_1024,y_flux_1024,y_noisiness_1024,y_energy_1024,y_entropy_1024,y_negentropy_1024,z_centroid_1024,z_std_1024,z_skewness_1024,z_kurtosis_1024,z_roll_on_1024,z_roll_off_1024,z_flux_1024,z_noisiness_1024,z_energy_1024,z_entropy_1024,z_negentropy_1024,x_centroid_4096,x_std_4096,x_skewness_4096,x_kurtosis_4096,x_roll_on_4096,x_roll_off_4096,x_flux_4096,x_noisiness_4096,x_energy_4096,x_entropy_4096,x_negentropy_4096,y_centroid_4096,y_std_4096,y_skewness_4096,y_kurtosis_4096,y_roll_on_4096,y_roll_off_4096,y_flux_4096,y_noisiness_4096,y_energy_4096,y_entropy_4096,y_negentropy_4096,z_centroid_4096,z_std_4096,z_skewness_4096,z_kurtosis_4096,z_roll_on_4096,z_roll_off_4096,z_flux_4096,z_noisiness_4096,z_energy_4096,z_entropy_4096,z_negentropy_4096
k3_1.tsv.part.0,2546.9878948892106,0.22726641061401498,3.93511623888084,16.0440719634148,781.2499999999999,1562.4999999999998,0.06533739270183421,0.41151659591614126,1.9930924596448245,2.0345215069525233,-1.5538038812428587,1792.450519655644,0.7463867971095822,4.160544966723476,17.297931549581456,781.2499999999999,1562.4999999999998,0.04827346845338527,0.34000580181141477,20.50934914327937,1.6988523221550864,-1.164076006248032,2068.800963710711,0.03668033453210588,4.274955164948913,18.166659349976523,781.2499999999999,781.2499999999999,0.04294434714986484,0.31299113527343864,0.0487493016971284,1.5759486575109747,-1.9562082461553525,2813.309055387496,0.10405709588920821,8.643810783020689,82.39407242900432,781.2499999999999,976.5624999999999,0.0007786870054607485,0.20409422161359891,1.4549792057719833,2.3252604484893284,-1.7727226026243237,2002.6380008640278,0.33480638948986213,9.287643029677454,91.62418217435709,781.2499999999999,976.5624999999999,0.0004897066723289619,0.1676937531534058,14.866936882760779,1.9424173893016805,-1.7242302103625529,2329.3529719725047,0.01642767933094746,9.45240421381629,93.78729703904163,781.2499999999999,976.5624999999999,0.010351313802311583,0.15274370932612244,0.03562526651149327,1.8449886130215252,-1.8584238739534313,2814.5552380666054,0.05130965297272807,14.45777053557521,219.72531650547634,927.7343749999999,976.5624999999999,0.0009801104888097784,0.10397374294934487,1.3651654273205014,2.3439274734165165,-2.614877885280249,1994.6528494239778,0.1645201048191819,15.612838020426581,247.43116535539068,927.7343749999999,976.5624999999999,0.00040307965967078597,0.08590367497518703,13.987767458196986,1.9470756828322273,-2.6593202452251994,2316.547262522411,0.00803206844435696,15.965264111038573,255.279773668575,927.7343749999999,976.5624999999999,0.007063799492574427,0.07899204063042381,0.03330225428113365,1.9771127275369518,-2.227116396262452,2832.023028311848,0.026014259885245496,33.02761545480826,1210.8809422249233,952.1484374999999,964.3554687499999,0.017743784850850097,0.05115607251934129,1.390272547684118,2.4214215814299234,-2.3046728745612297,1972.0013903260028,0.08431816020023555,35.58340547874307,1358.6834058654845,952.1484374999999,964.3554687499999,0.009372773169831636,0.041765724411919565,14.592883479212372,1.9741316710822467,-2.18760731403301,2311.9309788632495,0.0039537991371311355,36.39426800823278,1406.0011015451375,952.1484374999999,964.3554687499999,0.019896256343757496,0.0387331481073145,0.03207910388477609,2.1262657908394074,-2.292416738177975
k3_1.tsv.part.1,2370.5974308875384,0.2417363771723902,3.8973077699043177,15.736691874203789,781.2499999999999,1562.4999999999998,0.07030434071139864,0.4045222598104401,2.243964334673107,1.9867102498922433,-1.4539128743026508,1805.5537796684646,0.732743103419097,4.14220457478485,17.157653818702368,781.2499999999999,1562.4999999999998,0.049225611059656636,0.3434094180386829,19.807608372591318,1.7178604361539922,-1.1828418579451654,2039.3585491098038,0.04408479431329606,4.284036833323264,18.233169394819935,781.2499999999999,781.2499999999999,0.03679849843212235,0.30829680151122263,0.07023026460446248,1.5273308156907708,-1.974518231186514,2616.8502429439523,0.11026089151690677,8.607172003153313,81.77551407150239,781.2499999999999,976.5624999999999,0.0007651421059010314,0.20105161689845433,1.63170683694307,2.270911743376685,-1.7760506626844346,2019.5913297548789,0.3283449411664375,9.26615371060906,91.35154957436681,781.2499999999999,976.5624999999999,0.0005955778183205355,0.1697979618934623,14.308514821497416,1.9669069804889525,-1.729903909472462,2322.416999104022,0.01972635273066342,9.46103251818259,93.99601585379209,781.2499999999999,976.5624999999999,0.006718942469042629,0.15007647481203587,0.05132823882457579,1.7585917974358005,-1.8633736146421824,2619.458208144197,0.054398939853874964,14.431238979367738,219.57888733829213,927.7343749999999,976.5624999999999,0.0004175928241323401,0.10240383702282188,1.5340120558387569,2.281820916455186,-2.986284238668038,2021.6967310187372,0.16096246162617361,15.601669473826368,248.0942753458524,927.7343749999999,976.5624999999999,0.00041479826972855863,0.08707805318111657,13.392055146834581,1.9740001078183445,-2.7123445838055744,2333.119182580313,0.009582611556803169,16.00088871741756,257.04423710102236,927.7343749999999,976.5624999999999,0.004766539027750135,0.07731414746236456,0.04738854672346519,1.8409501374839194,-2.18761528620502,2629.7684645016316,0.027596476768786286,31.451717474420327,1092.0458081579063,952.1484374999999,964.3554687499999,0.0011167258513100353,0.05048594287892969,1.5644250878335797,2.2992962576595013,-2.7305507224541605,2036.9353943737422,0.0819663176645966,34.15338098827034,1246.9617496837564,952.1484374999999,964.3554687499999,0.0008271813171834702,0.04290954526248197,13.791506501087252,1.988178677320924,-2.2776341921675702,2363.111478216018,0.004814261900417533,35.27021151340955,1312.830560905564,952.1484374999999,964.3554687499999,0.005725912779664236,0.03817647067745765,0.04755912789496709,1.9279373421623967,-2.1847626231894033
k3_1.tsv.part.2,2234.929399902965,0.2486867548074271,3.882356849144495,15.575933560772263,781.2499999999999,1562.4999999999998,0.0631620833772075,0.39560536151405823,2.3602947473140476,1.938458768574059,-1.4643681553631427,1692.4756074611055,0.701486840536931,4.130810294984503,17.031364524014496,781.2499999999999,1562.4999999999998,0.048580209044290015,0.3376063905562261,18.089628158282565,1.6717048065808302,-1.1850139511934819,1967.7500259450464,0.046968014516950034,4.272188673891089,18.103708723514632,781.2499999999999,781.2499999999999,0.036228261614372086,0.30542278929947814,0.07958861919034822,1.498690277904929,-1.9593169182930557,2469.6408063864774,0.11330983996924339,8.556041089889815,80.77967143485169,781.2499999999999,976.5624999999999,0.0006177477339990286,0.19634193374717984,1.7200950161765212,2.204503011249988,-1.7769771764038986,1891.3184955043307,0.31302271352855554,9.265396137638726,91.28162018316883,781.2499999999999,976.5624999999999,0.0004714415397491147,0.16735077474283366,12.993830063538109,1.9208059335772367,-1.7360174088635756,2231.0629491439063,0.02102289918829945,9.447714597858036,93.69169478564434,781.2499999999999,976.5624999999999,0.005388156066673599,0.14866018116601448,0.058273117157152526,1.7183237313449204,-1.8612266618478757,2474.476603457083,0.055764083518002286,14.30815949210511,214.51349873280355,927.7343749999999,976.5624999999999,0.00043600085376268975,0.10009989006542178,1.6112260374612004,2.213808081532223,-3.0812369731352227,1895.3019081434222,0.15303554207796619,15.54523391980587,245.38283446796726,927.7343749999999,976.5624999999999,0.0004457527241492751,0.08592901218961657,12.103108818281797,1.9271952087731234,-2.711378965800078,2229.901098614134,0.010184206673615706,15.93150505383369,253.99311353754024,927.7343749999999,976.5624999999999,0.004198901874728274,0.07675691045501909,0.05352084540492667,1.792361975281382,-2.2007826674412683,2474.134991098694,0.028782511452979543,32.8235797018594,1201.6857234352908,952.1484374999999,964.3554687499999,0.0005229139385855008,0.048866560760712635,1.701512578278394,2.225877586979223,-2.544019359290948,1898.604155260845,0.07910359987206494,35.639614767470405,1369.3815490412758,952.1484374999999,964.3554687499999,0.0003992252688006792,0.04191393638531849,12.843894924212334,1.9366040260876884,-2.536861133644066,2253.4638758837236,0.005192070405717616,36.598580494779945,1424.7236548523488,952.1484374999999,964.3554687499999,0.0032436342375824073,0.03751499129237799,0.05531385025562298,1.8536625737950558,-2.1447611330534606
k3_1.tsv.part.3,2135.25291847382,0.2516639619522825,3.8810270831566918,15.514503324530608,781.2499999999999,1562.4999999999998,0.05885392808188207,0.3872737099032252,2.4035138880897624,1.896353959664198,-1.4738167363619157,1627.1222852915753,0.6701048681605131,4.112693604211736,16.87412773614551,781.2499999999999,1562.4999999999998,0.04697578564652663,0.334779530110373,16.479137405938566,1.6425981124447802,-1.195931985706017,2026.8259145505785,0.05041530585686452,4.283899424879663,18.21877732189961,781.2499999999999,781.2499999999999,0.03615085776983092,0.30431081354583234,0.09164356271451404,1.4853837768429223,-1.9556589507011195,2361.786951356644,0.114620222257529,8.542743631452172,80.43416623422544,781.2499999999999,976.5624999999999,0.0005447573562282092,0.192172482406136,1.7573641088284553,2.14957848061079,-1.775575552059247,1816.9252722163703,0.29888907762036915,9.249045348764868,91.0187016385763,781.2499999999999,976.5624999999999,0.0004125264940656455,0.16590645109732738,11.841376126914048,1.88330156216511,-1.7402250251831544,2313.6391512343107,0.022586458512544556,9.450819394368985,93.74882460611525,781.2499999999999,976.5624999999999,0.005394952283728748,0.14785279796529596,0.06724772261127306,1.69358827084037,-1.8580640793892151,2369.18420686221,0.05650567034400565,14.298286385036986,213.64844548843874,927.7343749999999,976.5624999999999,0.0005432351952712173,0.09808364404463388,1.6537107354382123,2.1603228899586018,-2.547554909960092,1817.257684261705,0.14656453293770544,15.521725591910176,244.63963186146643,927.7343749999999,976.5624999999999,0.00041640638184438117,0.08508186629838459,11.099608024657014,1.8858075281119207,-2.5425853440265946,2329.005322883489,0.010966210241675772,15.929724812136374,253.69127970934352,927.7343749999999,976.5624999999999,0.0044793836027314845,0.07627654803748013,0.06205116682049243,1.770006039407451,-1.959298240055879,2366.9246381699645,0.029175864012116724,32.87381544266812,1204.3956928475302,952.1484374999999,964.3554687499999,0.000356476803195227,0.0479060680446133,1.748175263295588,2.172989837123207,-2.3414689199826166,1823.3477665655103,0.07577629764080764,35.79466133285324,1383.0551601343695,952.1484374999999,964.3554687499999,0.0002663454340036536,0.04147181271711907,11.785690423438778,1.8953660920788513,-2.1862556578929127,2339.1820982620375,0.0056987526140902306,36.615463743601026,1427.1226099616888,952.1484374999999,964.3554687499999,0.003346277995411165,0.03738074668570057,0.0666358577059902,1.834285246461233,-1.8413982190191478
k3_1.tsv.part.4,2033.9454115128822,0.25423565415335997,3.897048458683223,15.594999846662105,781.2499999999999,1562.4999999999998,0.05388298233516594,0.37822750235455066,2.4381160670253874,1.8489721691930097,-1.4702673537601678,1576.522560718179,0.6385038553777689,4.0965936959686795,16.72617745151547,781.2499999999999,1562.4999999999998,0.04697014237150837,0.33279397691906704,14.94369605137358,1.6203064182839486,-1.1912129558482958,1946.6573586544807,0.05050943530999909,4.287267564737592,18.24236019519971,781.2499999999999,781.2499999999999,0.03431633573905773,0.30156915452694566,0.09184624518625152,1.4592899434520916,-1.9561797891587829,2254.1032171317383,0.11551276400465586,8.581557582087573,80.9534662587106,781.2499999999999,976.5624999999999,0.0005293352182167158,0.187155396317698,1.7815638869070063,2.0832362552839876,-1.7703711153186774,1760.2848901851012,0.28363865853733805,9.243101151872905,90.92752892094192,781.2499999999999,976.5624999999999,0.000417873038113799,0.16513684842754026,10.661179035745144,1.8602355691909236,-1.744380271903897,2215.099797930353,0.022644502047635472,9.47415924660756,94.1504326724873,781.2499999999999,976.5624999999999,0.005187467433361384,0.145748275822617,0.0675529261521986,1.6473683076072494,-1.7253387144501702,2255.511456790601,0.05693056457145755,14.376587053845256,215.25932600366028,927.7343749999999,976.5624999999999,0.0006986547152765141,0.09546152273104526,1.6778305796311253,2.090297118101027,-3.0590770592515857,1761.881024434087,0.1390758364960709,15.511798040264415,244.3410041119042,927.7343749999999,976.5624999999999,0.00043260596682392904,0.08472854731689909,9.993724134403212,1.8641023218613544,-2.526979206640719,2202.4987578060727,0.011072475617424199,15.934523509076415,253.72088505782455,927.7343749999999,976.5624999999999,0.004252515613418451,0.07518430789821637,0.06324917217349983,1.7117266804667426,-2.1815465173474506,2243.597571745808,0.029349741681022428,33.13426934055339,1219.5846696335316,952.1484374999999,964.3554687499999,0.0004602401806481221,0.046467669154851315,1.7688347501636223,2.094613874298342,-2.304110056192403,1758.7061487050894,0.07189153250082223,35.843987210267194,1387.042113179461,952.1484374999999,964.3554687499999,0.00040680328891626316,0.04121778053019338,10.608027590342449,1.8688194735101697,-2.166855303934381,2208.3591279613393,0.005709712161127065,36.87020737657335,1445.3524074073907,952.1484374999999,964.3554687499999,0.0032007068163892316,0.03650713983602728,0.06688809363600266,1.7587121176986837,-2.1341574582947738
k3_2.tsv.part.0,1959.0065252462293,0.25672471600874325,3.851814532828835,15.240860461777569,781.2499999999999,1562.4999999999998,0.050261683383744406,0.3744370368665121,2.4798848730217595,1.8117780037600633,-1.4963709845898,1544.01493723058,0.5810829006552788,4.053438225871406,16.380604874662893,781.2499999999999,1562.4999999999998,0.04861393886632051,0.3349499850455765,12.392807396249832,1.6144827066355436,-1.2035585620002445,1724.8031525197923,0.054602823240442855,4.29081261630564,18.259100868761163,781.2499999999999,781.2499999999999,0.03149113110035962,0.2954213385730491,0.10697518513820452,1.393610010484842,-1.8618288511954315,2167.3699954033295,0.11670816508499036,8.485938361305958,79.3782484642335,781.2499999999999,976.5624999999999,0.0005788845801090214,0.18544990168827388,1.8175116578459207,2.0364042821019313,-1.7782002655976665,1717.0739675229067,0.25771844922091425,9.185198081614587,90.10375262306343,781.2499999999999,976.5624999999999,0.00043760129694072773,0.166950940763706,8.806838358137638,1.8608931977378143,-1.7602966488702925,1956.3565485762865,0.024445649570081735,9.45750238672125,93.80771508856434,781.2499999999999,976.5624999999999,0.0045366634520179056,0.14289398289550437,0.07866314008895524,1.5659492960362693,-1.848762046453743,2170.746095541244,0.05740649269633045,14.243691064490596,211.4442298364342,927.7343749999999,976.5624999999999,0.0004043140014661038,0.09451944267968827,1.7056979146024622,2.042696000351783,-3.0557884155382298,1717.2956084938348,0.12636557033973114,15.407918506064021,241.94009796473586,927.7343749999999,976.5624999999999,0.0003945829376706449,0.08560976143436316,8.25175337221154,1.8642196952349155,-2.72189801952279,1960.745518187002,0.011952699990704717,15.957551961728415,254.45445211055892,927.7343749999999,976.5624999999999,0.003368893227870644,0.07361537989943791,0.07368796923557083,1.621911485134375,-2.0281073517506205,2177.628025372027,0.029444448589714487,32.745206033789074,1193.9257159696326,952.1484374999999,964.3554687499999,0.0003031658738297527,0.04624863874718525,1.7802325849281033,2.0586034639800364,-2.2500138650440245,1721.062093008511,0.06483464848940657,35.54065697405532,1368.5271513415785,952.1484374999999,964.3554687499999,0.00028986989417600917,0.04173595852509941,8.628039303968269,1.872890626277223,-2.2763426378306897,1950.4334475610267,0.0061579507705873185,36.5989944304896,1422.6278803866037,952.1484374999999,964.3554687499999,0.002808122539388766,0.035892611706384775,0.07779891070659542,1.6680495526181836,-2.089946626059932
k3_2.tsv.part.1,1951.5982941558732,0.2593007433821546,3.8555099636194483,15.269259939162488,781.2499999999999,1562.4999999999998,0.049688593778743254,0.3738561519333004,2.5289374285799497,1.8086226572675648,-1.4990800550076593,1525.5778402629298,0.5699168281714407,4.04575303911533,16.31225711363878,781.2499999999999,1562.4999999999998,0.04830813988790256,0.33435150084519616,11.916810316828705,1.60581557815963,-1.2033016003401473,1681.2832162965838,0.054399586321965586,4.291591396535245,18.257995943167835,781.2499999999999,781.2499999999999,0.03127094837935501,0.2942812082840319,0.10611466472621463,1.3828719126535411,-1.8591446385333399,2159.246062655344,0.11777815930773919,8.49299900740572,79.48634693422208,781.2499999999999,976.5624999999999,0.000565311866691575,0.1851018979955954,1.8507599946925508,2.03153807564113,-1.7773509360763158,1698.222335151836,0.25251887248281574,9.171772589113669,89.88017046600017,781.2499999999999,976.5624999999999,0.00047003066185944,0.16696170035569205,8.45508946959591,1.857256887192352,-1.7627517442455434,1907.0522081088877,0.024361444052960163,9.449674149040476,93.64376805041981,781.2499999999999,976.5624999999999,0.004866175313223594,0.14260074416756277,0.07811573776676121,1.5622534418391,-1.8473973598011248,2163.4578914768736,0.057980990105152064,14.255460659392119,211.83595824375237,927.7343749999999,976.5624999999999,0.0007345204562444719,0.09446248161829901,1.7399898354754122,2.0405714390725107,-2.8690511205220464,1699.1894768596446,0.123928180233392,15.400695255743386,241.78171669539853,927.7343749999999,976.5624999999999,0.00038457440993281344,0.08556776371307512,7.9364404374837205,1.8601272608131922,-2.7925451083191026,1903.6498162394776,0.011882208719685908,15.964637146748242,254.6293484780948,927.7343749999999,976.5624999999999,0.003990206850774316,0.07334230600120509,0.07281847321918103,1.614948164964722,-1.9500545567152316,2156.375196104333,0.029975996225280733,32.97809483851415,1209.9626450113235,952.1484374999999,964.3554687499999,0.00033946646953129933,0.0459436741671443,1.8450364953066758,2.0465562962699497,-2.2097102210570414,1697.9975400945857,0.06395757746302552,35.59486607825841,1373.0918034170343,952.1484374999999,964.3554687499999,0.00030186981960386716,0.04165600960836196,8.396125357951686,1.8661296508708498,-2.1467945061379496,1890.4211213012923,0.006155663363850842,36.76921446817184,1436.2106172419092,952.1484374999999,964.3554687499999,0.003233875656990376,0.03573036584629012,0.07774022149193402,1.6627229179898797,-1.9110321252485718
k3_2.tsv.part.2,2000.7696465106922,0.2573467423364008,3.7998424512075286,14.871933169635287,781.2499999999999,1562.4999999999998,0.05191500024200443,0.3799773755971312,2.50105138166878,1.8324559467399313,-1.5369166297635686,1534.2345947611743,0.5602381037634386,4.0447386042883355,16.3193422410552,781.2499999999999,1562.4999999999998,0.04813034982503388,0.3353473943744689,11.522396117016127,1.6110660844193851,-1.2124517911270367,1669.6279697484958,0.054378951931613434,4.288473816104197,18.234738701419666,781.2499999999999,781.2499999999999,0.03201736229194237,0.29433556439340547,0.10603730113231136,1.3831442141575332,-1.8573862777710173,2210.928202909958,0.11720410672380423,8.366976142249008,77.50307549050017,781.2499999999999,976.5624999999999,0.0005945029834930262,0.1883504302908225,1.8349124936531405,2.059825392115761,-1.7890022538603394,1706.372396100311,0.24820759689453248,9.161689361497793,89.75914256642187,781.2499999999999,976.5624999999999,0.0004069277865178306,0.16742109887581894,8.17006598662003,1.861055860539219,-1.7641229950555197,1894.7102285767505,0.02435434198223273,9.45982356566581,93.84156672965871,781.2499999999999,976.5624999999999,0.004962712031392851,0.14240037872531605,0.07806582907837449,1.5572242599723125,-1.8483995359336904,2211.569643893167,0.057722261645864956,14.068771799557743,206.79568752126158,927.7343749999999,976.5624999999999,0.00043260941065083406,0.09586638045005966,1.7249524900136877,2.064958807640721,-3.1239949981649753,1706.2195327373852,0.12159310044955404,15.37286370862076,241.11269188803,927.7343749999999,976.5624999999999,0.00033154851890499756,0.08580797617970741,7.640490309524865,1.8636625371707705,-2.749164087720504,1894.698086642083,0.011849539282658108,15.967866792525822,254.79173643204598,927.7343749999999,976.5624999999999,0.0036530975577223706,0.07335557263893588,0.07241874361588871,1.6150029159052084,-1.8670810496791692,2218.974053436031,0.0294451285889967,32.487273289041056,1178.0770213560947,952.1484374999999,964.3554687499999,0.00041773642152223567,0.04670352612125504,1.7803899283377296,2.072643517862531,-2.4247527656770695,1708.1053808862748,0.062163953951238166,35.42989360197453,1360.906446560526,952.1484374999999,964.3554687499999,0.000275250986739875,0.0418016977473576,7.931903731780671,1.870425132137988,-2.135153526056812,1904.1619652645848,0.0060743047537023505,36.71378029710428,1431.5295987907866,952.1484374999999,964.3554687499999,0.0031395337578550286,0.03580112091755256,0.07569921923838424,1.6696762841136912,-2.1647099712863307
k3_2.tsv.part.3,2068.6401811291566,0.25139560139349326,3.6983689178105528,14.120900402098297,781.2499999999999,1562.4999999999998,0.0518491283011076,0.389196713125972,2.4015047839340595,1.8644051955403165,-1.6018039646416566,1575.0179288329834,0.5518712985652781,4.033985635946499,16.26205191214459,781.2499999999999,1562.4999999999998,0.04962776641953044,0.3392232823396063,11.20708423493714,1.635622286140235,-1.2288325632409582,1674.0741861535255,0.05382683736410763,4.276276868239879,18.13056580814212,781.2499999999999,781.2499999999999,0.034773011422050824,0.29629494276131196,0.10400566739719247,1.4005969976227668,-1.860656987286546,2279.2895526418633,0.11467561855360912,8.145140941688084,73.96962953204212,781.2499999999999,976.5624999999999,0.0004885800447317111,0.19309065649973273,1.7596632852040834,2.0942242867704843,-1.8110127949156416,1749.2870912177625,0.24507775476878954,9.131431522339678,89.34266633754758,781.2499999999999,976.5624999999999,0.0003883048429747548,0.16947712244801322,7.970686590434548,1.8890969766210013,-1.7674790718515117,1896.8003186445394,0.024090089410087518,9.449719604109056,93.68186552832529,781.2499999999999,976.5624999999999,0.004333294733705503,0.14354589810003016,0.07640546206559302,1.5822476986439393,-1.8512752394594452,2281.4858874221854,0.05667653681394149,13.717381688560296,197.10694468003484,927.7343749999999,976.5624999999999,0.0006683363883246663,0.09818467754835784,1.663759785240963,2.101265699366599,-2.637614326126423,1749.464775953836,0.12010960658304874,15.303784184528432,239.39592013969352,927.7343749999999,976.5624999999999,0.0003717886230313523,0.08688259184316846,7.456565743742609,1.8913508700331008,-2.5534459056191525,1897.5404097143896,0.011718723045309227,15.953942694901556,254.3158312038325,927.7343749999999,976.5624999999999,0.0036227745998001753,0.07379925503523628,0.0708331962696203,1.6303288660927238,-1.9726230740034831,2285.8948801435645,0.02900203869901513,31.794335446265723,1135.390708714204,952.1484374999999,964.3554687499999,0.0002677285755263298,0.04774944921497227,1.7273807775921568,2.103211024999283,-2.421421855978992,1750.1591078874224,0.06150010460886897,35.37562192647453,1360.3873179633185,952.1484374999999,964.3554687499999,0.00019611649995707192,0.04228564552621198,7.7637139454834605,1.894824840146385,-2.3497250237864487,1902.3253358599402,0.006028392221821103,36.874441501215856,1445.470894188927,952.1484374999999,964.3554687499999,0.0030145319071663984,0.035910176482070316,0.07455978374082538,1.6728111924679219,-2.4605233110136147
k3_2.tsv.part.4,2149.41875762068,0.243862205387286,3.5946198610467333,13.363901917351416,781.2499999999999,1562.4999999999998,0.057138148174043,0.3996839152901498,2.275968666048583,1.900112397820594,-1.6693311397812869,1626.3359001656593,0.554779547837459,4.025024906703999,16.204652735798856,781.2499999999999,1562.4999999999998,0.048378597285198506,0.34254254709724674,11.348497899276747,1.6619657221500403,-1.2433159071482356,1770.2784793740796,0.05354745141736037,4.263328326704811,18.02430532934432,781.2499999999999,781.2499999999999,0.03788759372829595,0.30095108046630015,0.10319192543295241,1.4464567171886322,-1.127662696722854,2361.166414406312,0.1117335014426003,7.918155793809266,70.34251264138295,781.2499999999999,1171.8749999999998,0.0005061629898521146,0.19880829312379064,1.6741383932460747,2.139954973900228,-1.8329060046566985,1808.718422703768,0.2464189372305047,9.099972269556307,88.87062290792926,781.2499999999999,976.5624999999999,0.00040422319244985303,0.1711473346407719,8.062620512399096,1.9137280792434703,-1.769733319656208,2011.7062565153074,0.02397822153366743,9.455433972321185,93.82071505296899,781.2499999999999,976.5624999999999,0.004397750531275675,0.1459063100421752,0.07574817134804944,1.640132316003657,-1.857542783673693,2358.8980469077437,0.055550720799333306,13.407283680061383,188.4727231183465,927.7343749999999,1953.1249999999998,0.0004865896130029161,0.10062094172871862,1.5990855495645413,2.143326823033175,-3.1185193151015587,1808.685213819631,0.12086806147897432,15.242411914827207,237.7164972083167,927.7343749999999,976.5624999999999,0.0003102786406046498,0.08770878686943454,7.5521159245977705,1.9170943276517112,-2.917164615177788,2009.2715929885378,0.01168205110388878,15.930850564703775,253.6706192420295,927.7343749999999,976.5624999999999,0.003092984494926103,0.07505919390966354,0.0704036971559111,1.6879087019364154,-2.2142258618047728,2370.924047705872,0.02830496752931697,31.20463328356502,1102.7168125548574,952.1484374999999,964.3554687499999,0.0003873145228370234,0.04913267332342375,1.6455626158068755,2.153496969611818,-2.4605380517685953,1809.702177520822,0.06202727257722864,35.59875862853078,1381.1831014358745,952.1484374999999,964.3554687499999,0.00030348401472118924,0.04264625301055344,7.897624187953702,1.923053027637175,-2.5567213505101245,1983.559521616406,0.005976133864138923,37.27360501162612,1479.001761392048,952.1484374999999,952.1484374999999,0.0028894593621545533,0.03630041255518682,0.07327477511363421,1.714398841736037,-1.9350450398120687
k3_3.tsv.part.0,2231.969885598685,0.24011828810249397,3.4441132388240163,12.242013722919816,781.2499999999999,2343.7499999999995,0.05824860166470114,0.41129847073691506,2.224542741756068,1.9291127024554533,-1.7165662253155585,1683.1169879449849,0.560191500563038,4.008246986441977,16.120721939824623,781.2499999999999,1562.4999999999998,0.047656779822793344,0.3477916943081596,11.608516496136508,1.6923557870073453,-1.2665123952468063,1749.0852752178491,0.05623844173300502,4.270341616333428,18.082507523911726,781.2499999999999,781.2499999999999,0.03486838432687298,0.30006657310426293,0.1137687304078955,1.4404798169736244,-1.1281059203269113,2443.6290989663466,0.11023531192029441,7.5727902431176295,64.73969968555568,781.2499999999999,3710.9374999999995,0.0007566423009751045,0.20511661152089436,1.6335380359836291,2.1747201207916342,-1.8696709615256808,1870.9444460908294,0.24907842609454292,9.048766934975013,88.13797480150876,781.2499999999999,976.5624999999999,0.0004719477302061138,0.17384692287697323,8.24504581031781,1.9425810963538976,-1.772582078997694,1984.486195915396,0.02513451580264906,9.460217253836447,93.90269209664562,781.2499999999999,976.5624999999999,0.0037764748993285163,0.14533852518490836,0.083216402562569,1.6257599148697093,-1.8574082335318478,2442.424327094204,0.05479339552351942,12.926954527605465,175.3402583357568,927.7343749999999,3808.5937499999995,0.0007628246618636164,0.10365642983398846,1.556736998613554,2.183199505774244,-2.705678556688912,1869.1743804996745,0.12240068078569381,15.159285195434355,235.83338202479638,927.7343749999999,976.5624999999999,0.0003288669135504587,0.08901746015275934,7.746630918270502,1.94698338910306,-2.3517536881433925,1986.1865778607644,0.012281748901506954,15.93194967466971,253.82221960777196,927.7343749999999,976.5624999999999,0.003024925627788635,0.0749349730228746,0.07781613280033269,1.6720786074120546,-2.1942286809820466,2428.0566005510696,0.02832458462944335,29.745192569014527,1001.4967437859918,952.1484374999999,3808.5937499999995,0.00036127297296305316,0.05056228734201984,1.6480786543235606,2.191257747648543,-2.4602375390912914,1861.882902688576,0.06313958793992293,35.20837947329098,1353.8017407241268,952.1484374999999,964.3554687499999,0.00036109159574630734,0.043237174709505395,8.183829640347428,1.9505925226375427,-2.297163502364487,1960.5078237289854,0.006365261256126477,36.69759614610647,1432.8235948891308,952.1484374999999,964.3554687499999,0.002516709747839019,0.03649399025144958,0.08312897757175453,1.710500433894321,-2.0925718619616864
k3_3.tsv.part.1,2258.188567401526,0.24012097685513442,3.3995140786535076,11.906338973724013,781.2499999999999,3124.9999999999995,0.05769796724424535,0.4149845581534609,2.2303877635582676,1.940273598958383,-1.736269346966416,1747.4460895747814,0.5633311610407089,3.988274116193793,16.0034392212652,781.2499999999999,1562.4999999999998,0.048960152756804216,0.3533572451758323,11.779869579908736,1.7248840761797424,-1.2917556892418158,1841.826825932971,0.05538354914850893,4.276242276394674,18.149785009163125,781.2499999999999,781.2499999999999,0.03440412170535163,0.30315608559028184,0.11052481816073996,1.4735310851134504,-1.1299540996308424,2470.520108088394,0.11034561226245715,7.46846827448348,63.026763659825875,781.2499999999999,3710.9374999999995,0.0006821118370583361,0.20686619732980358,1.6379408514805276,2.1839582364486847,-1.8835823356696868,1940.4378957604101,0.2511438254041757,8.989747283422233,87.2960435334725,781.2499999999999,976.5624999999999,0.0006398203564694508,0.17685010206073437,8.390920647022496,1.9764959805297841,-1.7766279192521002,2091.7935481822033,0.024821003696651567,9.444209875073168,93.64671372236677,781.2499999999999,976.5624999999999,0.003818463048123101,0.147085590109489,0.08119397418437672,1.6658620020057266,-1.8614533150807302,2470.7979931964564,0.054829750760104295,12.800211438735264,171.9148325439048,927.7343749999999,3808.5937499999995,0.0005265093942367757,0.10441940091259241,1.559048302075374,2.192576225183991,-2.933019853645294,1936.1682788108012,0.12370250346653495,15.06464970759805,233.68390565675475,927.7343749999999,976.5624999999999,0.00047222255420709613,0.09039965561572261,7.9142363631045125,1.9795536216296976,-2.575126544267403,2089.806688830801,0.012156152334098861,15.921522822975017,253.56272771321136,927.7343749999999,976.5624999999999,0.003144068069557974,0.07570724096802425,0.07624155098729722,1.714567852639737,-2.3143238878684578,2474.31826999905,0.028048123011839125,29.128761716344325,957.4801926367671,952.1484374999999,3820.8007812499995,0.00046377254571036697,0.051204483783760434,1.6161689228691682,2.206988676222944,-2.8335477988805837,1941.0860825629593,0.06309605834372993,34.76470593440399,1323.7263303097634,952.1484374999999,964.3554687499999,0.00046034434495881293,0.04405701878632747,8.173133162566982,1.986273592904631,-2.561501525887653,2064.4311470966372,0.006306417691261988,36.55757023065103,1421.7888617321232,952.1484374999999,964.3554687499999,0.00267772624769326,0.03692823374401624,0.0816017107489277,1.7547351839921952,-1.6533646471972383
k3_3.tsv.part.2,2297.2798064476474,0.23694035596966992,3.3521903669232502,11.541848121654212,781.2499999999999,3906.2499999999995,0.058620371331543825,0.4190625913693713,2.177993409155195,1.9536461505502922,-1.7608649022325298,1791.661425071871,0.5578447447700892,3.9714605675410195,15.91011176024423,781.2499999999999,1562.4999999999998,0.04934168049048003,0.35760717936886693,11.58256223447036,1.748380149879778,-1.3157755568322054,1959.9452011245903,0.05305943645257437,4.284004886625482,18.221561931856776,781.2499999999999,781.2499999999999,0.03813899086650075,0.30661596866095436,0.10163933815719113,1.511794927499465,-1.9196237875194657,2507.3513060617647,0.1092573463221386,7.372970486644267,61.45019585900509,781.2499999999999,3710.9374999999995,0.0006598790588696681,0.20878252198232017,1.6070188616514665,2.196461816017755,-1.8980988813718085,1990.28040777773,0.24917879395144413,8.944452022503105,86.6594767797263,781.2499999999999,976.5624999999999,0.0004922862708342581,0.17890858622254902,8.265993356822872,2.0004230612500433,-1.7812742668751957,2221.0782265275384,0.02381273489736074,9.449386731560086,93.79025779203776,781.2499999999999,976.5624999999999,0.004285138614042358,0.14901854122119182,0.07477336294558358,1.7133320067294653,-1.8669197387659653,2506.1312819025256,0.05439267550220416,12.664493058798989,168.49977724971637,927.7343749999999,3808.5937499999995,0.000787824317770203,0.10539105609290879,1.5346008823379669,2.2043659662727713,-3.1037063577775728,1987.1977244727375,0.12267857953571806,14.988747722958696,232.17459251119809,927.7343749999999,976.5624999999999,0.00036693585276913106,0.09145308093920271,7.785240462206747,2.0034852580464078,-2.6587503333594533,2209.143901188485,0.011651926809538648,15.93107921740502,254.42781950467514,927.7343749999999,976.5624999999999,0.003024133008465252,0.07678193716972884,0.07005928675519403,1.7640669034863756,-1.969182433222897,2497.4862421933226,0.02795585790717712,28.779968949271975,928.5979118165956,952.1484374999999,3820.8007812499995,0.00037008513832387235,0.05137410066349792,1.605581405500917,2.208742426299306,-2.9350699325462664,1981.0553571610346,0.06284679383246373,34.233825026136806,1284.2924949800072,952.1484374999999,964.3554687499999,0.000315621963858731,0.0445315584108068,8.109024098313887,2.0048984693152105,-2.3925718569224674,2193.3206712083997,0.005986888098891466,36.3119306826996,1400.976638333789,952.1484374999999,964.3554687499999,0.0025510780259217353,0.03732032100412613,0.07354424726819203,1.7928422593227165,-2.0420110368561675
k3_3.tsv.part.3,2341.1917913590187,0.23645521714061365,3.3205572296683656,11.316228666197583,781.2499999999999,3906.2499999999995,0.059559705572688866,0.42393394519863364,2.1766604176901323,1.973231734756059,-1.7746314132786511,1820.1474367529977,0.5635635326245072,3.9681723517955514,15.890577237800272,781.2499999999999,1562.4999999999998,0.05098552104780611,0.35938908152835075,11.83464915084015,1.761345485494967,-1.3232163547843954,2035.7607017561165,0.05252105207473778,4.267696636771562,18.103701772825538,781.2499999999999,781.2499999999999,0.041619192132387,0.3107118172359339,0.09981733689406037,1.5426782414351772,-1.1414628156828412,2556.4493539226655,0.10914077701107665,7.304690366916927,60.371707600337,781.2499999999999,3710.9374999999995,0.0007345482513594092,0.21119198267002517,1.6051464708955623,2.217367453448426,-1.9082189361568829,2020.435036871355,0.2519365100117728,8.931886460265616,86.48357299875182,781.2499999999999,976.5624999999999,0.0004662665726962456,0.17983363036495728,8.452686076195482,2.0152994659995622,-1.7829212230748637,2320.278779679566,0.023606447452128452,9.429845277904775,93.50427872756256,781.2499999999999,976.5624999999999,0.0039382773001777,0.15102399314712772,0.07352672136591885,1.7504960610028846,-1.874044847247946,2554.195474524038,0.05433558187205183,12.58141484509283,166.54469869943793,927.7343749999999,3808.5937499999995,0.0004781779959949038,0.10647986833669033,1.531730355194768,2.224527595608085,-2.7330343887086737,2017.8723423452077,0.12393084852781355,14.975314592870092,232.06617826912287,927.7343749999999,976.5624999999999,0.0003539877436369462,0.09193711223573134,7.945690226497466,2.019000562301102,-2.82918929158675,2309.4716977784424,0.011514415609662468,15.918506118450448,254.26977719546795,927.7343749999999,976.5624999999999,0.0028064512913018903,0.07759539163354164,0.06842396441375408,1.7933825933902092,-2.2023563786176927,2549.724603907004,0.027849806661960526,28.385837259045132,899.8922246821132,952.1484374999999,3820.8007812499995,0.0003309980510296795,0.05195666851699227,1.5935185519022042,2.229956292688572,-2.855214443352773,2017.4157093812416,0.06339530066765325,33.856313382249624,1255.171271675671,952.1484374999999,964.3554687499999,0.0002917129592093226,0.04491633511512395,8.251471173672208,2.024915369414437,-2.5653653037139312,2293.7685798201583,0.005871999423553363,36.006994396874624,1375.9026332825915,952.1484374999999,964.3554687499999,0.002475684437145159,0.03779225033794639,0.07075119952131495,1.827259103334667,-1.8619962552580962
k3_3.tsv.part.4,2359.9174799185785,0.2347004016868899,3.331769901395318,11.403241753528787,781.2499999999999,3906.2499999999995,0.05985904557770798,0.4249793501887994,2.146086014521996,1.9826033846707145,-1.770911552887959,1850.2950883645194,0.5638751810763502,3.9559274524941825,15.796497272519847,781.2499999999999,1562.4999999999998,0.0500051492373741,0.3612651994245659,11.861928030240046,1.772982586218917,-1.3369090169187747,2195.6566728937373,0.05108722665135066,4.251256777692063,17.99964629673853,781.2499999999999,781.2499999999999,0.041476975695501045,0.31750549302552245,0.09480928178427701,1.5928433174949759,-1.9660851107506196,2581.091331485044,0.10833012149863949,7.318821862725615,60.63254682741261,781.2499999999999,3710.9374999999995,0.0006774597259271957,0.21191375230065962,1.5818525231841387,2.2271090106747904,-1.9033129841004561,2054.059434714326,0.25244523061155216,8.904575049905613,86.09729817883122,781.2499999999999,976.5624999999999,0.0005055685836282996,0.18076997232649666,8.489632368583964,2.0247208587728824,-1.7873698404699658,2499.1173059779653,0.022933085825736506,9.406138972162765,93.21431341892597,781.2499999999999,976.5624999999999,0.004281153795771416,0.15468326895867124,0.06946781859718694,1.816206268733087,-1.8909445699355696,2583.6815296549053,0.05405361617798338,12.573322404641067,166.77790862270018,927.7343749999999,3808.5937499999995,0.0006393095758574709,0.10702768401918254,1.5160495839383425,2.2361319594589903,-3.068545376706368,2057.910052536313,0.1241549677114935,14.930959996833618,231.25498842537968,927.7343749999999,976.5624999999999,0.00043956068272904384,0.09254138331113076,7.975336024192897,2.033381486276614,-2.788627427146281,2502.1544514830343,0.01121428650907946,15.877567138479671,253.84867346519377,927.7343749999999,976.5624999999999,0.002956961597766119,0.0796834920358211,0.0649246291406685,1.8705793448015742,-1.914532738437116,2593.318393062582,0.02765834771953727,28.142432369945006,881.7192300202964,952.1484374999999,3820.8007812499995,0.00039090213390510775,0.052329512564909,1.5717449004785515,2.2445664872858107,-2.7881848727308953,2061.4771850764023,0.06362600884933925,33.39839730601492,1220.208143233522,952.1484374999999,964.3554687499999,0.00038072840197939106,0.04525827130326332,8.311893727740147,2.038651942598486,-2.3584361408674517,2532.5537021701903,0.005713595689630759,35.627209389473556,1348.4297840538497,952.1484374999999,964.3554687499999,0.0030496849832096773,0.039047055060513654,0.06699195030944331,1.9247265230456083,-2.118604164899137
k5_1.tsv.part.0,1443.8397019947067,0.37241114665717506,4.169085549048755,17.30579120766997,781.2499999999999,1562.4999999999998,0.03837121001335115,0.3187876926175714,5.0418892246548745,1.5184132506202712,-0.9827308590668893,1548.0226425484066,0.899635140673394,4.184996774679019,17.38973129634762,781.2499999999999,1562.4999999999998,0.035415809451024544,0.31875932384724387,29.42209874188719,1.555528776794197,-1.2770117359860735,6618.899625904124,0.003651784000709325,3.122701426985791,10.315385386306358,781.2499999999999,8593.749999999998,0.21596085103968346,0.6564071581973188,0.0006296865104568439,2.7872877928998188,-2.5921394483601055,1618.9545702263888,0.16671030035609954,9.472499827031571,94.88190776996048,781.2499999999999,976.5624999999999,0.0003494101848957151,0.15534862307009287,3.6717323943546236,1.7064224374420194,-1.8997846784028927,1739.4005116626354,0.4027908835668785,9.495079943963166,95.20068015347812,781.2499999999999,976.5624999999999,0.001027629644082476,0.15529559261654774,21.433763402779554,1.7478416376472006,-1.8894271413206862,6459.332193704542,0.0015614754617071377,6.661025277553483,55.31234148180676,585.9374999999999,2148.4374999999995,0.08626080091495274,0.4005592464743319,0.0003649939061503948,3.6377215701722507,-2.665020102438722,1619.170073222969,0.08256042468117024,17.255575105397504,314.65781690567127,927.7343749999999,976.5624999999999,0.00044547101330592783,0.07882729986169942,3.51845050752119,1.7110814363642248,-2.3102119081646837,1740.3710746333022,0.1995704848824852,17.30720581138658,316.09187712807216,927.7343749999999,976.5624999999999,0.0007333975986828648,0.07880212605809882,20.558836002087507,1.7618521719449236,-2.3277404294856634,6295.034288869973,0.0007430580712031118,13.685811318786879,225.03312478870942,927.7343749999999,1904.2968749999998,0.06135895369746197,0.21671366860359326,0.0002965479753760019,4.2643008903884665,-2.820502025332342,1621.1435870965975,0.042023329821037285,37.910852086892106,1545.7419923695318,952.1484374999999,964.3554687499999,0.0003893095614593556,0.03865708083738118,3.623859857280759,1.7204221378187552,-2.173574153383319,1739.8924558223619,0.10168657199271218,38.03043193715857,1552.953176527828,952.1484374999999,964.3554687499999,0.000929417784566372,0.03859331274734131,21.21854245867293,1.7740993116891621,-1.9684071405736874,6307.950400735226,0.00036798910206399483,31.350254439233815,1165.7526057264674,952.1484374999999,976.5624999999999,0.050958923357222435,0.1068414107636977,0.0002806346553157689,4.766991140172189,-2.5414993224082387
k5_1.tsv.part.1,1428.2899948915249,0.37424776553818406,4.170682429076226,17.310459126257246,781.2499999999999,1562.4999999999998,0.03802984261423268,0.3176262060804964,5.088325452485565,1.5095918643933868,-0.9867061918865468,1547.1186512632337,0.9049030192609048,4.180782386166586,17.3501132246588,781.2499999999999,1562.4999999999998,0.03583356893654493,0.31888802917436854,29.769891670798884,1.5554628258927343,-1.2782403917824403,6657.876330682274,0.003563574145096883,3.1872668782569966,10.824730081482098,781.2499999999999,8593.749999999998,0.2184496462211031,0.6631597776855565,0.000603367541975807,2.8040808735503706,-2.5601738710028124,1600.6453304118202,0.16758064843223613,9.477929325900451,94.95292383417139,781.2499999999999,976.5624999999999,0.0003278585098986653,0.15470241866725284,3.709444817119919,1.6960828337666198,-1.897916986102311,1739.837024422859,0.4051353665988615,9.48917601764418,95.10587539855423,781.2499999999999,976.5624999999999,0.0009179851509398382,0.15554106204353385,21.68561966958588,1.7511115333346141,-1.8900290044393124,6620.018600785337,0.0015294744766981222,6.837042371062028,58.057975918434884,781.2499999999999,1953.1249999999998,0.08117835384192842,0.402353800039281,0.00035062159548384357,3.6562239718557574,-2.581651943246102,1599.3354603439006,0.083436295784717,17.255267117423198,314.34345258145925,927.7343749999999,976.5624999999999,0.00039251809364539885,0.07843803964337132,3.593281298071606,1.6987813498738598,-2.0147039816921475,1736.3128434594848,0.2007528595504034,17.29288774648356,315.5682994453308,927.7343749999999,976.5624999999999,0.0007266856703618133,0.07888795298274405,20.80344307864305,1.7618165048452419,-2.063331449383188,6568.359774402517,0.0007234840068788042,13.6316030198691,221.6912398255653,927.7343749999999,1904.2968749999998,0.05404772366517566,0.2126315479936375,0.00028065946657566856,4.251339943540221,-2.965874692714161,1598.7781444918985,0.042644698799797265,37.9564724920268,1548.1437071418916,952.1484374999999,964.3554687499999,0.00032248311795872453,0.03840378155555133,3.731746280256447,1.7031507910639132,-2.2613466998328136,1739.9265222728816,0.10255700939286055,37.98031721439191,1549.1650620555924,952.1484374999999,964.3554687499999,0.0008827610328919211,0.038641287485430796,21.583438663394265,1.773819013160726,-2.303186118252045,6483.2809462396,0.00036158807689386344,31.092790467187392,1150.9275719074456,952.1484374999999,1916.5039062499998,0.04661885263511341,0.10529085434007356,0.0002708683915178147,4.742990029773323,-2.5820258965621705
k5_1.tsv.part.2,1391.7351802782,0.38287606966323323,4.1767950477415,17.35688709281901,781.2499999999999,1562.4999999999998,0.03732096411316441,0.3151550578525239,5.318088816382195,1.488037866404868,-0.9841015415857309,1507.4819293458186,0.9098050123365299,4.180640494886989,17.351795604748748,781.2499999999999,1562.4999999999998,0.035309259245552276,0.31758603218301035,30.070664984624432,1.540245157884413,-1.2766443633805173,6666.702879081653,0.0034211770507103782,3.1409503389301663,10.507646419561818,781.2499999999999,8593.749999999998,0.22837447375204462,0.6736993107050688,0.0005615531175748278,2.817087439791002,-2.5700110882635934,1559.5686133289562,0.17132071423705722,9.487360486402414,95.0884106010127,781.2499999999999,976.5624999999999,0.00030501638353679317,0.15333208679736476,3.8752690726114407,1.6682890298826527,-1.8945695708936894,1692.2724334561572,0.4071788445931542,9.49970879700942,95.28023213592638,781.2499999999999,976.5624999999999,0.0008854244344802112,0.15453315777609616,21.89824912446318,1.7270072627408464,-1.8890849827209275,6523.589830202913,0.0014749102713635398,6.733974592769568,56.58175418376546,781.2499999999999,2148.4374999999995,0.08460741292783372,0.40788231566225075,0.00032730790950847075,3.66785891687764,-2.6065854906373858,1561.4897426752534,0.08450139626223817,17.295261258532335,315.81430613977847,927.7343749999999,976.5624999999999,0.0003812070908700642,0.07785024244370263,3.685269921258201,1.6737941191176795,-2.652228909470755,1691.1382751592655,0.201799168321273,17.303970722272066,315.8300707275131,927.7343749999999,976.5624999999999,0.0005922390435072053,0.07840626271223348,21.01927730193783,1.7374695440923944,-2.1989394043880863,6432.830686866321,0.0007036125164307655,13.47825665692236,219.3271886291386,927.7343749999999,1904.2968749999998,0.06261462021417148,0.21911815925300812,0.0002661650645198363,4.279374369241617,-2.729142377066463,1561.2183988004842,0.04303237870785262,37.943805377101555,1547.0366532909566,952.1484374999999,964.3554687499999,0.0004023765705545995,0.03820593634953215,3.7998472578219595,1.6832279620242552,-2.0886470959453316,1700.2240741128614,0.10308788497400925,38.001542371930476,1550.5870397068888,952.1484374999999,964.3554687499999,0.0008166967478083625,0.038492607543541,21.807216076103117,1.7543812166663286,-2.0648403245163114,6317.382354438085,0.0003585110322951513,30.45526283133527,1115.9418487792018,952.1484374999999,1916.5039062499998,0.060494578871825175,0.11109897766449564,0.00026660892536578285,4.812316749658015,-2.5270765311930425
k5_1.tsv.part.3,1383.1100230711208,0.3833668128165268,4.175146605796453,17.337576116025307,781.2499999999999,1562.4999999999998,0.0372284231835719,0.31463433488182974,5.330139702961592,1.4842024894297159,-0.9831587635586271,1496.182221729171,0.9148037421812094,4.183712246459256,17.3658242806527,781.2499999999999,1562.4999999999998,0.03501372112646108,0.31583436397724834,30.37136470120424,1.5280563224832437,-1.2693309530976848,6768.879204200686,0.0032051534947037104,3.015211789589688,9.72669368957149,781.2499999999999,8593.749999999998,0.22198200241279445,0.7005856626082414,0.0005054019281982641,2.847815313909788,-2.59273923764889,1549.1707469272117,0.1715597559087788,9.492445534938268,95.16353075115697,781.2499999999999,976.5624999999999,0.00032582324839548884,0.15300188205480222,3.885706787075171,1.6642360456594012,-1.8937378876936324,1679.817616005284,0.40915198754259086,9.501258633244948,95.27486653070345,781.2499999999999,976.5624999999999,0.0008909347846843209,0.1537611000757634,22.10585613292205,1.7147466521222738,-1.8859964292533675,6721.351381256637,0.0013693290975064518,6.711058687311359,56.36717240829584,781.2499999999999,5859.374999999999,0.08600409837606357,0.4175603605513341,0.0002840569352171714,3.706372683190655,-2.662473075096451,1547.7103441504396,0.08495721841643437,17.314954980927418,316.50336780413323,927.7343749999999,976.5624999999999,0.00042615879324953306,0.07763752407142488,3.725013266138114,1.6672167283547936,-2.2873415311744987,1679.2122617405678,0.20272416600064933,17.34164679064333,317.2001327307636,927.7343749999999,976.5624999999999,0.0006286353708983903,0.07799180979127306,21.21104673302879,1.7251741997160925,-2.1406625962463863,6645.214032999241,0.0006604921481671825,13.309244515783282,214.73378805897997,927.7343749999999,1904.2968749999998,0.054749581045329,0.22019548335600175,0.00023464718063334416,4.291590157839495,-2.7916220317089766,1548.8813974571226,0.04335689793876468,38.02206545377394,1552.7224645963825,952.1484374999999,964.3554687499999,0.0004976322382473641,0.03808621232616447,3.8573396034025507,1.6784049593778854,-1.8293910253373955,1681.1360110047578,0.10352479988920842,38.08273143676208,1556.4204853607878,952.1484374999999,964.3554687499999,0.0007320073326113341,0.03822077266177716,21.991999864138712,1.7371899839773817,-1.7022790903465068,6544.195320569715,0.00034268369422138777,29.820166976473395,1076.570830557132,952.1484374999999,1928.7109374999998,0.04916091709274187,0.11033529277370135,0.00024354766096181576,4.777322455956275,-2.6458176088276875
k5_1.tsv.part.4,1375.7315049781903,0.3859964441413725,4.176204321590817,17.34664516487698,781.2499999999999,1562.4999999999998,0.03737655859143182,0.31401745538345033,5.401605896131305,1.4798240154581457,-0.981880410715142,1492.9153787775763,0.9138070428269972,4.18525342728156,17.38308877723587,781.2499999999999,1562.4999999999998,0.03510581076018408,0.31574045059607597,30.30358571370139,1.5272529375973205,-1.2695104655139957,6833.5155464600275,0.003126285945068676,2.874214791461984,8.736797437303597,781.2499999999999,8593.749999999998,0.23247974692036827,0.714228503783174,0.0004870611311367047,2.85938462839002,-2.6424373977467717,1542.4888231469952,0.1725609301515161,9.494947965392585,95.19136711324542,781.2499999999999,976.5624999999999,0.0003316470235893273,0.15266041858951387,3.9307899672843556,1.6592187920508314,-1.892786450864374,1677.1236976971713,0.4091840636615076,9.50210247982846,95.2852683870331,781.2499999999999,976.5624999999999,0.0010150800029885506,0.1537272227637249,22.109097325310106,1.7152544812548096,-1.886106884127334,6744.103007216246,0.0013231673411208975,6.314664167831252,51.00260429980908,781.2499999999999,8398.437499999998,0.09302622644886278,0.43254030848013525,0.00026810401132658753,3.727032076059699,-2.6432466096264644,1541.545021380174,0.08558240658294919,17.284207180701113,315.1828294432346,927.7343749999999,976.5624999999999,0.0006228430338039796,0.07757326148095488,3.7800012015173556,1.6652431035121946,-2.4969815112582636,1673.8598488819518,0.203041607741255,17.321012274783005,316.4300673097938,927.7343749999999,976.5624999999999,0.000719705713093893,0.0780695220083387,21.27778314570539,1.727425040092062,-2.0170992239500856,6671.800962258762,0.0006330468275985987,12.900866697038984,202.7828089988888,927.7343749999999,1953.1249999999998,0.055061188313325835,0.2302657975566454,0.00021648440806439946,4.353752891116304,-2.8253034174442755,1542.2453862825196,0.0437496624176284,38.043668137177725,1554.189078865885,952.1484374999999,964.3554687499999,0.0003782519379500887,0.03799070254903297,3.9275139240762593,1.6733033155942567,-1.7160417905618013,1674.4875170678658,0.10350802720574591,38.101325760945414,1557.738742964747,952.1484374999999,964.3554687499999,0.0006089782604725008,0.03821196313648494,21.984859544065607,1.7378167278105285,-2.2819395532141677,6624.143766070144,0.00032104115545272246,29.992139252344536,1088.22129500668,952.1484374999999,1928.7109374999998,0.046394372382433186,0.11360866061020773,0.00021391090222584364,4.861579450405023,-2.7255798709619414
k5_2.tsv.part.0,1359.0641013818852,0.3925239438244754,4.179259334347605,17.365244816656915,781.2499999999999,1562.4999999999998,0.03709769748243958,0.31292946549133643,5.582373137477434,1.4711047994553772,-0.966839678677251,1457.4515011864576,0.9217811383425025,4.185337928664026,17.381673586503393,781.2499999999999,1562.4999999999998,0.03450419559609388,0.3141297970459774,30.806319596603764,1.510273082615847,-1.2666411335870038,6648.255372685988,0.0030760332715775163,2.943930172423181,9.22212705260906,781.2499999999999,8593.749999999998,0.22757321350628948,0.7057555004680747,0.00046777191345826456,2.8490188126903218,-2.5964123447820784,1522.237235687149,0.1755606770385998,9.48928621719093,95.06519038208337,781.2499999999999,976.5624999999999,0.0003869566272286067,0.15226011072441958,4.068155829582445,1.6518951349887354,-1.8912391097615653,1638.083492296146,0.41196168222897195,9.511974514248925,95.44089628648362,781.2499999999999,976.5624999999999,0.0008231285822853651,0.1527485106238158,22.403710733667516,1.693292986966837,-1.697905411297601,6594.369460801367,0.0013008372627089676,6.547310676206163,54.242009328145215,781.2499999999999,6835.937499999999,0.08434741181497596,0.42454354536417793,0.00025763505523071663,3.714064188985885,-2.707621973454746,1521.8343814144953,0.08717426376715502,17.274573855927425,314.4763008006212,927.7343749999999,976.5624999999999,0.0005234971568087476,0.07727407365947914,3.921746562960123,1.6572126706638792,-2.06320139849779,1638.1229125152145,0.20419498798141753,17.30074740932831,315.3704896704125,927.7343749999999,976.5624999999999,0.0005942239544869975,0.07763504053976936,21.518760097849118,1.7054776841396462,-2.2820392978069246,6523.594772049196,0.0006312822555059032,12.943615683076683,203.99484005885728,927.7343749999999,1953.1249999999998,0.052948849089655574,0.22319183343604446,0.0002146234319860794,4.300623968652888,-2.947243169225685,1524.6629469460709,0.0441486782917313,37.93226919029292,1544.2283877773618,952.1484374999999,964.3554687499999,0.00036246880389327607,0.0379056500632108,3.9994561004475555,1.6652778189449624,-2.1634030803123143,1641.1512519965543,0.10410577986775532,37.96191922584269,1545.9138344014148,952.1484374999999,964.3554687499999,0.0007995434378858246,0.03804348075725323,22.239229923764952,1.7173110132565583,-2.0780599953787044,6347.9437675871,0.00032238920248696444,29.44741066606771,1058.6788889740735,952.1484374999999,1928.7109374999998,0.058846981459728054,0.11504428599262136,0.00021578099821329224,4.846434448861059,-2.548318806896567
k5_2.tsv.part.1,1358.3468094095945,0.3921090914502692,4.180259420187161,17.375317101033055,781.2499999999999,1562.4999999999998,0.03713713966257736,0.3127516266909083,5.5700149721385355,1.4696468014202198,-0.9799003847037482,1469.0452059098156,0.9149262486876544,4.182685402650742,17.36145306917447,781.2499999999999,1562.4999999999998,0.03412543545407488,0.3150939324891853,30.36659485415041,1.5179895510026884,-1.269233304822991,6733.848922378834,0.003211394594390305,2.69075102288815,7.3824688046778615,781.2499999999999,8593.749999999998,0.22474097533291001,0.7019343329628716,0.0005080158379715756,2.8257987060306524,-2.3559738158361387,1522.8478270335827,0.17521482594405782,9.498771496021565,95.23462791289063,781.2499999999999,976.5624999999999,0.0003270313135428497,0.1519996522260486,4.051829398334658,1.6472133178703001,-1.8906477000488864,1652.0628197312174,0.40902473588780197,9.504706306114834,95.32384903274215,781.2499999999999,976.5624999999999,0.000989263809339486,0.1533399695907505,22.08931667291351,1.7035936678336134,-1.6982727826927386,6574.461335159398,0.0013462749666048172,5.680936719964265,41.811459541637625,390.62499999999994,8593.749999999998,0.09630625596186021,0.4369845283663051,0.0002784535617380183,3.699111002062617,-2.967523539282899,1525.0370171846264,0.08653465722435678,17.29868256854947,315.471187741723,927.7343749999999,976.5624999999999,0.000468516009530906,0.077186323856489,3.8643570997622856,1.6527450979673677,-2.550149302581966,1652.4530818639985,0.20257957457911221,17.29708408216956,315.2098304379667,927.7343749999999,976.5624999999999,0.0006709404403996651,0.07782601907560494,21.180256439286904,1.714900066589379,-2.394388216842616,6369.130412167629,0.0006276731648687722,11.905181995007734,180.2325365776834,927.7343749999999,2880.8593749999995,0.061706837878405765,0.2459182749147487,0.00021433112802648184,4.370589562936012,-2.9152018818600434,1524.6078543073877,0.04414788417112519,37.89069325606824,1540.9896771924725,952.1484374999999,964.3554687499999,0.00034660773372445497,0.03789488464900391,3.9993089631338923,1.6637294370118363,-2.166573222042212,1655.6015495265358,0.1034317266026029,37.919746163879054,1542.816160638167,952.1484374999999,964.3554687499999,0.0007660412992777504,0.03819010028789704,21.952422740747927,1.7307282260991752,-1.7238911117351512,6275.122644436817,0.00031597118947360213,27.933770443393175,975.3584438947114,952.1484374999999,1928.7109374999998,0.05145952055952875,0.12720868828812346,0.0002078779607981016,4.945043171758644,-2.685881134224408
k5_2.tsv.part.2,1363.613098085107,0.38807587940375504,4.176468178919601,17.34418415061838,781.2499999999999,1562.4999999999998,0.037470947729735485,0.3133933468830897,5.458015515240462,1.4742061487883378,-0.9802367181864713,1458.6177075754001,0.9148129013947163,4.180765585283729,17.34612567270023,781.2499999999999,1562.4999999999998,0.0347069613121795,0.31503207934898164,30.357994894111187,1.5150532166343094,-1.2674699776204639,6665.981343858052,0.0032826449152226567,2.8063922126081344,8.197314283110627,781.2499999999999,8593.749999999998,0.21762458519264918,0.6907359738247416,0.0005252625186805153,2.8161132944971725,-2.6774257104016206,1527.9603561728188,0.17351505608243242,9.49298270401528,95.14175202855334,781.2499999999999,976.5624999999999,0.000322422236094898,0.15236208910077492,3.9740250598377513,1.6533628411246597,-1.891925409890089,1639.935936962155,0.4090162891644209,9.499768922176125,95.23748991541116,781.2499999999999,976.5624999999999,0.0007556523066698694,0.15332005736801405,22.088272574900166,1.7003775156286254,-1.698064916752425,6605.58613503973,0.0013723803595929965,6.210840144103301,49.41896945002413,781.2499999999999,8593.749999999998,0.08870429715559014,0.42426849176320147,0.0002866962994017309,3.6850550489088363,-2.722797748583833,1528.8140652274112,0.08594881744305345,17.303361983090785,315.739690940231,927.7343749999999,976.5624999999999,0.0004390260867251769,0.07730661454490922,3.8122812326276674,1.6569468475466353,-2.735499926783292,1642.6808141604974,0.20254062353041014,17.314837866636317,315.8984340124586,927.7343749999999,976.5624999999999,0.0006205868669005463,0.07776295455212709,21.171905848828132,1.7100748705437714,-2.293480740473065,6537.98041256991,0.0006442576138474249,12.598755418350192,196.62888296876355,927.7343749999999,2880.8593749999995,0.06471827206974791,0.23174729838650118,0.00022436560023935114,4.317382396586531,-3.129204749746833,1528.3902275024104,0.043950600931302916,37.912929954456516,1542.9809144828143,952.1484374999999,964.3554687499999,0.0004584578588624211,0.03794906763640566,3.96366174156174,1.6681285087174813,-2.1293310315474607,1646.4303940744478,0.1036070517916744,37.94712665600981,1545.4130385113629,952.1484374999999,964.3554687499999,0.0006139904356240178,0.03819055696397124,22.026908867899174,1.7251689201424671,-2.049511147894863,6394.691087671211,0.0003227990116491818,29.533915714558077,1070.8658194775844,952.1484374999999,1928.7109374999998,0.04696372777041638,0.11949339609952137,0.0002165527206148433,4.891770086540838,-2.678595427640652
k5_2.tsv.part.3,1367.7715444516195,0.39006117455342965,4.181207872360199,17.386353620767938,781.2499999999999,1562.4999999999998,0.036557758772311794,0.3133384646245795,5.51382922789911,1.475007161520801,-0.9805408675383714,1455.0280205531587,0.9179147778092129,4.183437585366517,17.36706524711839,781.2499999999999,1562.4999999999998,0.03430936729027109,0.31475563194301037,30.55937408274015,1.512670740388284,-1.26339568116987,6741.760323783589,0.003083527814689367,2.6906371368095274,7.328540688572145,781.2499999999999,8593.749999999998,0.21984873649394207,0.7017179446672352,0.00046827100817258135,2.8289427457572747,-2.70836729194478,1533.5726929044936,0.1744421151275257,9.495922539369989,95.19122294941299,781.2499999999999,976.5624999999999,0.000324959688052477,0.15233663383034438,4.016573024961668,1.6526407859701204,-1.8915989175070897,1633.2656727172525,0.41042728805516354,9.504617541205587,95.31248183760549,781.2499999999999,976.5624999999999,0.0008078835381949671,0.1530921156708965,22.239415210421267,1.6953728013287017,-1.6975973105941118,6535.535785259308,0.0013052228007875458,5.674091527237234,41.8555718442534,390.62499999999994,8593.749999999998,0.09000957911300522,0.4377832773299664,0.00026188417818978925,3.6984460795858185,-2.83070304009346,1533.8440509606346,0.08635646809825613,17.28770731831744,315.1443532439421,927.7343749999999,976.5624999999999,0.0003800560164346163,0.07736397436396128,3.848563825758787,1.6575302785030246,-2.774985507328407,1635.7590687536529,0.2031435462346082,17.3116909504315,315.68289103780666,927.7343749999999,976.5624999999999,0.0006266758609519712,0.07765149102609904,21.297775740986037,1.7046025836732757,-2.8102509453075157,6407.573323352311,0.0006093710994498323,11.843371094415817,178.7429827160075,927.7343749999999,3857.4218749999995,0.06510885934225406,0.24216795694475593,0.0002016654747581802,4.335029339673735,-3.068041247677678,1533.2454436191476,0.0442466393567651,37.881835555796755,1540.7124086830993,952.1484374999999,964.3554687499999,0.00032660542198659215,0.03794429873487729,4.01723625832387,1.6652748215168545,-1.8493765951516634,1635.9177756709664,0.10389599398654058,37.96434684851894,1545.981378552343,952.1484374999999,964.3554687499999,0.00045425607077094476,0.03805956434407405,22.149717765827294,1.713885474194875,-2.3208952470178925,6324.240297575917,0.0003002016887909439,28.531869963075074,1014.2693998260389,952.1484374999999,1928.7109374999998,0.056814895624062056,0.12269155857687951,0.0001874377373751832,4.888025415715427,-2.7096991952195313
k5_2.tsv.part.4,1376.506775728948,0.38347540959046167,4.1723834186997255,17.312814722634037,781.2499999999999,1562.4999999999998,0.0372393975437352,0.31447365506490843,5.332669339494684,1.4822912012008194,-0.9820887981155002,1462.7712841752334,0.9143557553738522,4.180180263265694,17.3376632166757,781.2499999999999,1562.4999999999998,0.03475817529857164,0.3154090190482113,30.334218093820514,1.5176974624304063,-1.2661899880772445,6582.804494206283,0.003209478044349502,2.7125469495915477,7.467404040156502,781.2499999999999,8593.749999999998,0.2244630879375136,0.689201155522438,0.0005013883722888373,2.8098636385761697,-2.6799039965128078,1542.92862898403,0.17139993812429394,9.494158556585916,95.180872887896,781.2499999999999,976.5624999999999,0.00030762920093396436,0.1528564968464539,3.878302120091452,1.6614064442510292,-1.693681819077371,1644.8586374110073,0.40846422650542324,9.502574080608998,95.29103137955548,781.2499999999999,976.5624999999999,0.0007903606206890049,0.1535583177119054,22.030259965202955,1.70369219534449,-1.6984330245995016,6450.897833909548,0.001341671976698343,5.771711899275381,43.04269627645799,390.62499999999994,8593.749999999998,0.09366471364013966,0.42951705040370297,0.0002750501811656081,3.6779919174254987,-2.9131760646969833,1543.8281446491683,0.08488682348513067,17.262994100084793,314.2508635880791,927.7343749999999,976.5624999999999,0.00043231309311004206,0.07764649548215484,3.7188479357198685,1.6665299548590342,-2.1294019727818543,1644.0389117908048,0.20222906351152167,17.282844912611523,314.5796567133287,927.7343749999999,976.5624999999999,0.0006447743709064297,0.07787434012602264,21.1071838833288,1.7104572807454876,-2.223662793361533,6268.594843339373,0.0006313549282458718,12.02959194980742,182.66910582357116,927.7343749999999,1953.1249999999998,0.06992417930447849,0.23743814951126915,0.00021601474675262788,4.314851395737257,-2.9138593741511785,1543.8309473832273,0.04330552898458663,37.830090157511805,1536.3233203304965,952.1484374999999,964.3554687499999,0.00042783164310884747,0.038075492093480254,3.848201581875915,1.6756778099969514,-2.147126715911101,1644.5409406894898,0.10315886582729819,37.84290376194254,1536.5832897771543,952.1484374999999,964.3554687499999,0.0005085225512274638,0.038229917785830306,21.8368175392053,1.7229059296594216,-2.338349592811675,6378.748064952954,0.0003051943448574581,28.633074472305708,1011.4267335582274,952.1484374999999,1928.7109374999998,0.05074924411808657,0.12123226458999552,0.00019365620234721315,4.903680936988696,-2.55282307697994
k5_3.tsv.part.0,1394.1389315812137,0.3812856706676018,4.171886365359732,17.321520619284144,781.2499999999999,1562.4999999999998,0.0368889549833333,0.31593127329829784,5.276349886511105,1.492378961039578,-0.9849276300711838,1468.8085596783126,0.9179173052139867,4.184280576493586,17.377776865958865,781.2499999999999,1562.4999999999998,0.03462285193457337,0.3158113593323924,30.578052268720164,1.5220149633966975,-1.2672506399446637,6734.087353781652,0.0030778644229297464,2.823291407196605,8.281370980079755,781.2499999999999,8593.749999999998,0.22617166672586841,0.6983379280559563,0.0004650731076307241,2.8324276587920907,-2.624792249780288,1562.5378866440483,0.17057996275766124,9.483154571874735,95.02286604193029,781.2499999999999,976.5624999999999,0.00030458896677428536,0.15373779498073725,3.8422975951623157,1.6735064535016964,-1.8965896334988603,1648.1203896298014,0.4107110078988657,9.503066616597968,95.30793865668706,781.2499999999999,976.5624999999999,0.0006692289049413625,0.1536826900452592,22.27411549149262,1.7059994546716508,-1.6983505455657586,6717.136623433793,0.0012906188750051297,6.306713430830814,50.694210434542065,781.2499999999999,8593.749999999998,0.08116190086811115,0.4257271671542045,0.0002538196325322211,3.703736236219117,-2.83757765052178,1563.2822626418035,0.08451754466620207,17.253554186406117,314.1805120310803,927.7343749999999,976.5624999999999,0.00039578642152214165,0.07806237403286548,3.6867997809622013,1.6779276010433184,-2.40287042690866,1646.5685993771938,0.20382652878203342,17.29198802439272,315.22366759212537,927.7343749999999,976.5624999999999,0.0005016338043078684,0.07804311750006457,21.442525172888143,1.713994177230205,-2.4038806930966667,6650.066568730828,0.0006154158488293191,12.60061652652543,195.77948689794684,927.7343749999999,1953.1249999999998,0.060594085491457714,0.22573944744282892,0.00020419269524886595,4.29466875111855,-3.093455905719923,1561.623986529909,0.04322469975445918,37.802918956239715,1535.7647454415076,952.1484374999999,964.3554687499999,0.0003367156233310131,0.038286707645956444,3.8339114937657848,1.684672866382781,-2.135772063168016,1646.7948220077951,0.10401823077468521,37.94849148024884,1545.2532707400246,952.1484374999999,964.3554687499999,0.0004761515423901963,0.03820366441181192,22.202111690842276,1.7218656705610984,-2.2062451688236826,6457.093531558205,0.0003098001395153201,28.82129394100175,1015.9075743888313,952.1484374999999,1928.7109374999998,0.0572896548475465,0.11733819095445831,0.00019936267963858442,4.88823075608184,-2.6833456489695435
k5_3.tsv.part.1,1399.242201529159,0.3769807780874478,4.168593061149207,17.291663482507523,781.2499999999999,1562.4999999999998,0.03767625087890909,0.31641676125998724,5.159317347686375,1.4971827280506602,-0.9851155137196109,1482.9873542936014,0.9157446288383518,4.1793152422031365,17.336427924198386,781.2499999999999,1562.4999999999998,0.0352913585893399,0.31701220639657934,30.454499039284755,1.5312747890128215,-1.271945742708687,6571.526523368108,0.0032943967042039415,2.8299534619794318,8.244172015842524,781.2499999999999,8593.749999999998,0.22204438554827188,0.6781721543666444,0.000522870374051228,2.8023016779732752,-2.6519819615553306,1568.1229174750383,0.1685974408650705,9.480481590138275,94.97880966053829,781.2499999999999,976.5624999999999,0.0003357877565512979,0.1540224168807503,3.7538255593603242,1.681508029165166,-1.6947972881117392,1668.2997465497976,0.40950553885765884,9.495155040205903,95.18643405109401,781.2499999999999,976.5624999999999,0.0008557122098192083,0.15448324068549582,22.148891643695126,1.722773795684335,-1.6992676785831355,6464.568992627916,0.0013730667713893533,6.008166746318767,46.369163729087475,781.2499999999999,8593.749999999998,0.08867532533717684,0.42545948864452854,0.0002872292894575013,3.678867882244743,-2.797091110742385,1568.5511018786124,0.08366430113563006,17.270770294646642,314.82286359027603,927.7343749999999,976.5624999999999,0.0005401556589404624,0.07809111811180519,3.6127517680708583,1.6839301641398698,-2.669668541608413,1666.9836148795641,0.2028997243210902,17.303785410282746,315.8537051564255,927.7343749999999,976.5624999999999,0.0005697824899831968,0.07839135532873463,21.249119586781852,1.7311823080562507,-2.6095783334791314,6379.967449408363,0.0006345325412443849,12.556338590336866,195.33963217375464,927.7343749999999,1953.1249999999998,0.06670799960521878,0.23305130741951854,0.00021776831407573443,4.330622692102708,-2.875732381620504,1568.81435432946,0.042824918270245975,37.845129485135125,1539.1639502769006,952.1484374999999,964.3554687499999,0.00037322287242837204,0.03834339003976457,3.763336750934546,1.6959600318432027,-1.7502481422447476,1671.878323947263,0.10379135103544651,37.94112683597218,1545.4278034022645,952.1484374999999,964.3554687499999,0.0005644503459250327,0.0384241238339333,22.105737772584998,1.7440665298429967,-1.7038614236565197,6376.040689237358,0.00031768593732752685,29.13938222859707,1038.9342826542793,952.1484374999999,1928.7109374999998,0.0600666943629639,0.11927360933880546,0.00020973589451529914,4.912464702333946,-2.774280692331612
k5_3.tsv.part.2,1388.6580059369899,0.38116232777895803,4.172899716040084,17.32818554456852,781.2499999999999,1562.4999999999998,0.03713565920457064,0.3155778316865684,5.271866607247912,1.490753985906865,-0.9847247826240949,1471.5278648030423,0.9202448636377485,4.182225312430911,17.360725633682584,781.2499999999999,1562.4999999999998,0.03468639855701537,0.31614501984941323,30.739214790650497,1.5239843616639754,-1.27020293343286,6558.450077250105,0.0031962825144403284,2.937795410242857,9.020030789301684,781.2499999999999,8593.749999999998,0.22049755344012004,0.6829323252511679,0.000494374078342432,2.821399374114548,-2.59635747716148,1557.2217476752035,0.17047310845839347,9.483998921664176,95.02819172149769,781.2499999999999,976.5624999999999,0.0003312875917865697,0.15358031540351946,3.8373039048318294,1.6740433105206942,-1.8958188490344128,1651.6721829445507,0.4118230637386008,9.499423681547025,95.25031067599112,781.2499999999999,976.5624999999999,0.0006877393854759146,0.15388398717836216,22.396253703557097,1.7091018121238046,-1.6989163914964822,6579.603610434397,0.0013590266889129332,6.473720347800961,52.56506120857891,781.2499999999999,8593.749999999998,0.08237119305324225,0.4105182600025391,0.0002784093264943702,3.670813920160496,-2.69632364649029,1558.5744974208096,0.08414127631924416,17.290757234416322,315.62557153613847,927.7343749999999,976.5624999999999,0.0004785225346317172,0.07792517447566134,3.6539681878182404,1.6779754314962478,-2.672211906882883,1656.0846467310766,0.2035292804348967,17.320156315806113,316.29324419512596,927.7343749999999,976.5624999999999,0.0005233666583004409,0.07807439471699575,21.380133563475816,1.7189278800467371,-2.46570207651586,6525.0149100469225,0.0006448542109232774,12.768756104988409,199.58144495443273,927.7343749999999,1953.1249999999998,0.0633054245213087,0.22353114024488668,0.00022398335829716372,4.291186429770507,-3.0092105976719776,1557.1359953610086,0.043107016448936976,37.91867962981656,1545.1332380889266,952.1484374999999,964.3554687499999,0.0003961299169887994,0.03827081344881764,3.8130589112976487,1.6924382594023666,-1.7315804103914254,1662.1921214999386,0.1040218589786232,38.01620591926796,1551.200823285194,952.1484374999999,964.3554687499999,0.0004440835941754845,0.038319017020861115,22.203856265768742,1.732001302596802,-1.7269960249580607,6458.342865989238,0.00032544781342051267,29.310916317669097,1043.0507593082505,952.1484374999999,1928.7109374999998,0.05144060648337545,0.11155597925503861,0.000219723243487817,4.81519939268285,-2.622446484131142
k5_3.tsv.part.3,1388.3012381456565,0.38017373411133815,4.1718376328633715,17.3138657668416,781.2499999999999,1562.4999999999998,0.03746522467551257,0.3154687377824335,5.244227186086671,1.4909237901981578,-0.9841315056517781,1464.2375529423734,0.924554687805889,4.180677827850131,17.34258039206005,781.2499999999999,1562.4999999999998,0.03518761412446699,0.3155763865509978,31.017680734523935,1.519160321864479,-1.2669322535117487,6421.5909455286455,0.0033300614902761513,2.9719692082554765,9.296991298292655,781.2499999999999,8593.749999999998,0.2186392459020873,0.673971883604981,0.0005321743818129733,2.8052984424014564,-2.5779327350626478,1555.5438724053915,0.16998797709274216,9.48769147274254,95.08887514855444,781.2499999999999,976.5624999999999,0.00031878158409072774,0.1534893310803153,3.8153904849302918,1.6744828682331665,-1.8954226290128604,1646.4286591173743,0.41350168489418043,9.503972936249939,95.31818207824914,781.2499999999999,976.5624999999999,0.0008081335452438262,0.15365969143126418,22.577681863787856,1.7085253870259878,-1.6988968169714682,6367.504294452745,0.001408893287391984,6.557115193059693,54.094275716820874,781.2499999999999,6640.624999999999,0.08909318993609894,0.4117984990305313,0.00029948501858001556,3.671813846165664,-2.6549958518268033,1553.415070504324,0.08448428981963198,17.286050132629153,315.40711287701015,927.7343749999999,976.5624999999999,0.0004848068226229822,0.07788551953775819,3.683798098358814,1.6771558865180196,-2.2909431909806663,1645.7711015056493,0.2048762707918128,17.32504988219346,316.40191166512307,927.7343749999999,976.5624999999999,0.0004939003814654489,0.07791433971814082,21.663526913388054,1.715587792468884,-2.136365908772708,6276.575788293622,0.000670223362310685,13.224241910762732,212.80023015993388,927.7343749999999,1904.2968749999998,0.057721398078318144,0.22161493459863796,0.0002417568744506276,4.294000853669526,-3.042790748321899,1553.1513618935749,0.04313076371828497,38.040887278482394,1553.9195153387336,952.1484374999999,964.3554687499999,0.000512096927105854,0.038114548660572796,3.8172157310076074,1.6831058474164173,-1.7645058515524275,1640.3580096546457,0.10483827814036084,38.06034451174618,1554.4055648192827,952.1484374999999,964.3554687499999,0.0004977389762435142,0.03814323208228774,22.553456782823393,1.7207725265545464,-1.7128864702866864,6183.060798295852,0.0003420075236210959,30.097124130138518,1086.7972956050319,952.1484374999999,1928.7109374999998,0.04906974767051826,0.10834026676903992,0.00024248293182043066,4.777573185531424,-2.511142304558549
k5_3.tsv.part.4,1382.7641385491688,0.38368755313623437,4.174448714170854,17.333034285123105,781.2499999999999,1562.4999999999998,0.036921614291331464,0.31483466184591996,5.339674867291793,1.4857799029328018,-0.982561150006002,1475.2775235426132,0.9237271501422271,4.181234896967463,17.349573458248237,781.2499999999999,1562.4999999999998,0.03502992179054279,0.3163274342469169,30.975543316915637,1.5264921708968202,-1.2682505885513875,6699.784296295371,0.003187337741531442,2.756192218850747,7.8276019813782725,781.2499999999999,8593.749999999998,0.2284971709924825,0.7020152257445854,0.0005004712333564877,2.8328876078318923,-2.6610793849515817,1549.4441338386464,0.17162879796505473,9.49009893136878,95.12099417393208,781.2499999999999,976.5624999999999,0.0003045988233168394,0.1531335878117602,3.888988134065756,1.666433206214364,-1.8945129152701152,1656.0408698031545,0.4131828026006378,9.50600368404127,95.3656119595052,781.2499999999999,976.5624999999999,0.0006863577240698473,0.1539703807724008,22.544977478606146,1.7155406495290617,-1.6990413091987697,6635.5075961754765,0.001334574849880859,6.034658717712862,46.97643924957252,781.2499999999999,8593.749999999998,0.07969938082596884,0.43288757771150305,0.0002728158355323946,3.701727832588005,-2.7626421241763843,1549.4366179704198,0.08498277982694302,17.29279797963833,315.63655955262175,927.7343749999999,976.5624999999999,0.0003599750982231005,0.07776879655473319,3.727330704521782,1.6716478479068404,-2.633822846211777,1654.5557594555728,0.20479198303386567,17.331019527062853,316.8154982417175,927.7343749999999,976.5624999999999,0.000544617939596215,0.07811147832900231,21.646367255686116,1.7226072293595907,-2.2585845005114673,6570.527817896008,0.0006320148220209317,12.426854969683212,190.75536276747374,927.7343749999999,1953.1249999999998,0.06840518812655091,0.23206394078386233,0.00021594950128900716,4.330304220889164,-3.088291702639195,1549.4217540221796,0.043460963058015105,37.963696734842124,1548.2169989529045,952.1484374999999,964.3554687499999,0.00034944289526459005,0.038128653598978775,3.875891098270937,1.6785536874380216,-1.832653218785752,1649.2691434723754,0.10472516522809247,37.99792396410902,1549.8564521681517,952.1484374999999,964.3554687499999,0.00042672505916649395,0.038269315613714425,22.505032447361778,1.7275188530162702,-1.8896055999910748,6620.669928082232,0.0003218566471713139,29.401480376950328,1048.6422733866045,952.1484374999999,1928.7109374999998,0.047071242443008504,0.11070716313526771,0.00021486086330468372,4.807738568717539,-2.7363246785331894
