name,x_std,x_skewness,x_kurtosis,x_rms,x_pp,x_crest,x_margin,x_impulse,x_shape,x_max,y_std,y_skewness,y_kurtosis,y_rms,y_pp,y_crest,y_margin,y_impulse,y_shape,y_max,z_std,z_skewness,z_kurtosis,z_rms,z_pp,z_crest,z_margin,z_impulse,z_shape,z_max,x_centroid_64,x_std_64,x_skewness_64,x_kurtosis_64,x_roll_on_64,x_roll_off_64,x_flux_64,x_noisiness_64,x_energy_64,x_entropy_64,x_negentropy_64,y_centroid_64,y_std_64,y_skewness_64,y_kurtosis_64,y_roll_on_64,y_roll_off_64,y_flux_64,y_noisiness_64,y_energy_64,y_entropy_64,y_negentropy_64,z_centroid_64,z_std_64,z_skewness_64,z_kurtosis_64,z_roll_on_64,z_roll_off_64,z_flux_64,z_noisiness_64,z_energy_64,z_entropy_64,z_negentropy_64,x_centroid_256,x_std_256,x_skewness_256,x_kurtosis_256,x_roll_on_256,x_roll_off_256,x_flux_256,x_noisiness_256,x_energy_256,x_entropy_256,x_negentropy_256,y_centroid_256,y_std_256,y_skewness_256,y_kurtosis_256,y_roll_on_256,y_roll_off_256,y_flux_256,y_noisiness_256,y_energy_256,y_entropy_256,y_negentropy_256,z_centroid_256,z_std_256,z_skewness_256,z_kurtosis_256,z_roll_on_256,z_roll_off_256,z_flux_256,z_noisiness_256,z_energy_256,z_entropy_256,z_negentropy_256,x_centroid_1024,x_std_1024,x_skewness_1024,x_kurtosis_1024,x_roll_on_1024,x_roll_off_1024,x_flux_1024,x_noisiness_1024,x_energy_1024,x_entropy_1024,x_negentropy_1024,y_centroid_1024,y_std_1024,y_skewness_1024,y_kurtosis_1024,y_roll_on_1024,y_roll_off_1024,y_flux_1024,y_noisiness_1024,y_energy_1024,y_entropy_1024,y_negentropy_1024,z_centroid_1024,z_std_1024,z_skewness_1024,z_kurtosis_1024,z_roll_on_1024,z_roll_off_1024,z_flux_1024,z_noisiness_1024,z_energy_1024,z_entropy_1024,z_negentropy_1024,x_centroid_4096,x_std_4096,x_skewness_4096,x_kurtosis_4096,x_roll_on_4096,x_roll_off_4096,x_flux_4096,x_noisiness_4096,x_energy_4096,x_entropy_4096,x_negentropy_4096,y_centroid_4096,y_std_4096,y_skewness_4096,y_kurtosis_4096,y_roll_on_4096,y_roll_off_4096,y_flux_4096,y_noisiness_4096,y_energy_4096,y_entropy_4096,y_negentropy_4096,z_centroid_4096,z_std_4096,z_skewness_4096,z_kurtosis_4096,z_roll_on_4096,z_roll_off_4096,z_flux_4096,z_noisiness_4096,z_energy_4096,z_entropy_4096,z_negentropy_4096
k3_1.tsv.part.0,1.3516040782635623,0.0929807052786242,-1.4035010541959116,1.3516040782635623,5.053491210937501,1.9750384213799292,2.37941441675887,2.1903866129337146,1.1090349378638034,2.669469985064341,2.19664578293539,0.2007473416907297,-0.7134390964415447,2.19664578293539,9.9393310546875,2.3786759291338297,3.348335676357291,2.885459988225512,1.2130530068785883,4.714222605985753,0.4660108269107486,-0.0194683734997014,-1.0131495500195122,0.4660108269107486,2.347119140624997,2.639252017761473,3.49115597854091,3.0843719279010107,1.1686538106796915,1.229920015222886,2546.9878948892106,0.2272664106140149,3.93511623888084,16.0440719634148,781.2499999999999,1562.4999999999998,0.0653373927018342,0.4115165959161412,1.9930924596448245,2.0345215069525238,-1.5538038812428587,1792.450519655644,0.7463867971095822,4.160544966723476,17.297931549581456,781.2499999999999,1562.4999999999998,0.0482734684533852,0.3400058018114147,20.50934914327937,1.6988523221550864,-1.164076006248032,2068.800963710711,0.0366803345321058,4.274955164948913,18.166659349976523,781.2499999999999,781.2499999999999,0.0429443471498648,0.3129911352734386,0.0487493016971284,1.575948657510975,-1.9562082461553525,2813.309055387496,0.1040570958892082,8.643810783020689,82.39407242900432,781.2499999999999,976.5625,0.0007786870054607,0.2040942216135989,1.4549792057719833,2.3252604484893284,-1.7727226026243237,2002.638000864028,0.3348063894898621,9.287643029677454,91.62418217435707,781.2499999999999,976.5625,0.0004897066723289,0.1676937531534058,14.86693688276078,1.9424173893016805,-1.7242302103625529,2329.3529719725047,0.0164276793309474,9.45240421381629,93.78729703904165,781.2499999999999,976.5625,0.0103513138023115,0.1527437093261224,0.0356252665114932,1.8449886130215247,-1.8584238739534316,2814.5552380666054,0.051309652972728,14.45777053557521,219.72531650547637,927.734375,976.5625,0.0009801104888097,0.1039737429493448,1.3651654273205014,2.3439274734165165,-2.614877885280249,1994.6528494239776,0.1645201048191819,15.61283802042658,247.43116535539068,927.734375,976.5625,0.0004030796596707,0.085903674975187,13.987767458196986,1.9470756828322275,-2.6593202452251994,2316.547262522411,0.0080320684443569,15.965264111038572,255.279773668575,927.734375,976.5625,0.0070637994925744,0.0789920406304238,0.0333022542811336,1.977112727536952,-2.227116396262452,2832.023028311848,0.0260142598852454,33.02761545480826,1210.8809422249233,952.1484375,964.35546875,0.01774378485085,0.0511560725193412,1.390272547684118,2.421421581429924,-2.3046728745612297,1972.0013903260028,0.0843181602002355,35.58340547874307,1358.6834058654845,952.1484375,964.35546875,0.0093727731698316,0.0417657244119195,14.592883479212372,1.9741316710822467,-2.18760731403301,2311.930978863249,0.0039537991371311,36.39426800823278,1406.0011015451375,952.1484375,964.35546875,0.0198962563437574,0.0387331481073145,0.032079103884776,2.126265790839408,-2.292416738177975
k3_1.tsv.part.1,1.3817102589494226,0.0563498704697453,-1.502597709486799,1.3817102589494226,5.005590820312499,1.8358172541426363,2.1553521600119527,2.00839548427457,1.0940062142582547,2.53656753360524,2.189339589098365,0.2061982489547416,-0.7038904249083502,2.189339589098365,9.3645263671875,2.313533007370678,3.217421394206464,2.792607759633357,1.207074958834128,4.2994169634650765,0.5055305895390872,-0.0194335106258131,-1.084327663583749,0.5055305895390872,2.39501953125,2.4429941199475507,3.1837260400324583,2.832760016787165,1.1595443450547405,1.235008257697609,2370.5974308875384,0.2417363771723902,3.8973077699043177,15.736691874203787,781.2499999999999,1562.4999999999998,0.0703043407113986,0.4045222598104401,2.243964334673107,1.9867102498922435,-1.4539128743026508,1805.5537796684648,0.732743103419097,4.14220457478485,17.157653818702368,781.2499999999999,1562.4999999999998,0.0492256110596566,0.3434094180386829,19.80760837259132,1.7178604361539922,-1.1828418579451654,2039.358549109804,0.044084794313296,4.284036833323264,18.23316939481993,781.2499999999999,781.2499999999999,0.0367984984321223,0.3082968015112226,0.0702302646044624,1.5273308156907708,-1.974518231186514,2616.8502429439523,0.1102608915169067,8.607172003153313,81.77551407150239,781.2499999999999,976.5625,0.000765142105901,0.2010516168984543,1.63170683694307,2.270911743376685,-1.7760506626844346,2019.5913297548789,0.3283449411664375,9.26615371060906,91.3515495743668,781.2499999999999,976.5625,0.0005955778183205,0.1697979618934623,14.308514821497416,1.9669069804889523,-1.729903909472462,2322.416999104022,0.0197263527306634,9.46103251818259,93.99601585379207,781.2499999999999,976.5625,0.0067189424690426,0.1500764748120358,0.0513282388245757,1.7585917974358003,-1.8633736146421824,2619.458208144197,0.0543989398538749,14.431238979367738,219.57888733829213,927.734375,976.5625,0.0004175928241323,0.1024038370228218,1.5340120558387569,2.281820916455186,-2.986284238668038,2021.6967310187367,0.1609624616261736,15.601669473826368,248.0942753458524,927.734375,976.5625,0.0004147982697285,0.0870780531811165,13.39205514683458,1.9740001078183445,-2.7123445838055744,2333.119182580313,0.0095826115568031,16.00088871741756,257.0442371010224,927.734375,976.5625,0.0047665390277501,0.0773141474623645,0.0473885467234651,1.8409501374839197,-2.18761528620502,2629.768464501632,0.0275964767687862,31.451717474420327,1092.0458081579063,952.1484375,964.35546875,0.00111672585131,0.0504859428789296,1.5644250878335797,2.2992962576595013,-2.7305507224541605,2036.9353943737424,0.0819663176645966,34.15338098827034,1246.9617496837564,952.1484375,964.35546875,0.0008271813171834,0.0429095452624819,13.791506501087252,1.988178677320924,-2.2776341921675702,2363.111478216018,0.0048142619004175,35.27021151340955,1312.830560905564,952.1484375,964.35546875,0.0057259127796642,0.0381764706774576,0.047559127894967,1.9279373421623969,-2.1847626231894037
k3_1.tsv.part.2,1.3832153248007462,0.0280448541730045,-1.5232210530506152,1.3832153248007462,4.885839843749999,1.7867351484988772,2.0864730951483472,1.9493865970922857,1.0910327693111428,2.471439438763784,2.1228463288291817,0.2687607956020741,-0.6642923099272662,2.1228463288291817,9.196875000000006,2.322574800689085,3.211683366647904,2.802905076378464,1.2068093891085314,4.266405610926013,0.5187369881807609,0.066212579788037,-1.1902528254297249,0.5187369881807609,2.323168945312496,2.3089947992152164,2.9645898718782404,2.6485870749339755,1.1470736425366483,1.1254079374425536,2234.929399902965,0.2486867548074271,3.882356849144495,15.575933560772263,781.2499999999999,1562.4999999999998,0.0631620833772075,0.3956053615140582,2.360294747314048,1.938458768574059,-1.464368155363143,1692.4756074611057,0.701486840536931,4.130810294984503,17.031364524014496,781.2499999999999,1562.4999999999998,0.04858020904429,0.3376063905562261,18.089628158282565,1.6717048065808302,-1.185013951193482,1967.7500259450464,0.04696801451695,4.272188673891089,18.103708723514632,781.2499999999999,781.2499999999999,0.036228261614372,0.3054227892994781,0.0795886191903482,1.498690277904929,-1.959316918293056,2469.6408063864774,0.1133098399692433,8.556041089889815,80.77967143485169,781.2499999999999,976.5625,0.000617747733999,0.1963419337471798,1.7200950161765212,2.204503011249988,-1.7769771764038986,1891.3184955043307,0.3130227135285555,9.265396137638726,91.28162018316884,781.2499999999999,976.5625,0.0004714415397491,0.1673507747428336,12.993830063538107,1.9208059335772367,-1.7360174088635756,2231.0629491439063,0.0210228991882994,9.447714597858036,93.69169478564434,781.2499999999999,976.5625,0.0053881560666735,0.1486601811660144,0.0582731171571525,1.7183237313449204,-1.861226661847876,2474.476603457083,0.0557640835180022,14.30815949210511,214.51349873280355,927.734375,976.5625,0.0004360008537626,0.1000998900654217,1.6112260374612004,2.213808081532223,-3.0812369731352227,1895.3019081434225,0.1530355420779661,15.54523391980587,245.38283446796729,927.734375,976.5625,0.0004457527241492,0.0859290121896165,12.103108818281797,1.9271952087731237,-2.711378965800078,2229.901098614134,0.0101842066736157,15.93150505383369,253.99311353754024,927.734375,976.5625,0.0041989018747282,0.076756910455019,0.0535208454049266,1.792361975281382,-2.2007826674412683,2474.134991098694,0.0287825114529795,32.8235797018594,1201.6857234352908,952.1484375,964.35546875,0.0005229139385855,0.0488665607607126,1.701512578278394,2.225877586979223,-2.544019359290948,1898.604155260845,0.0791035998720649,35.639614767470405,1369.3815490412758,952.1484375,964.35546875,0.0003992252688006,0.0419139363853184,12.843894924212334,1.9366040260876884,-2.536861133644066,2253.463875883724,0.0051920704057176,36.598580494779945,1424.7236548523488,952.1484375,964.35546875,0.0032436342375824,0.0375149912923779,0.0553138502556229,1.853662573795056,-2.1447611330534606
k3_1.tsv.part.3,1.3760169851179476,-0.0106633155864618,-1.503995549755716,1.3760169851179476,4.766088867187506,1.7626909107446145,2.073961043417891,1.9308817148292536,1.0954170711719338,2.3405962344898925,2.0648350693000483,0.3181577808065275,-0.670680126938549,2.0648350693000483,8.861572265625,2.194813917208796,3.0381024899507847,2.6494567946488554,1.207144156447778,4.329643518784465,0.5360718801826785,0.0386167375195258,-1.1906916528954588,0.5360718801826785,2.442919921874996,2.329955858991366,2.953162809875214,2.6596558717686127,1.1415048321644914,1.2490238180721491,2135.25291847382,0.2516639619522825,3.881027083156692,15.514503324530608,781.2499999999999,1562.4999999999998,0.058853928081882,0.3872737099032252,2.4035138880897624,1.896353959664198,-1.4738167363619157,1627.1222852915753,0.6701048681605131,4.112693604211736,16.87412773614551,781.2499999999999,1562.4999999999998,0.0469757856465266,0.334779530110373,16.479137405938566,1.6425981124447802,-1.195931985706017,2026.8259145505783,0.0504153058568645,4.283899424879663,18.21877732189961,781.2499999999999,781.2499999999999,0.0361508577698309,0.3043108135458323,0.091643562714514,1.4853837768429223,-1.9556589507011195,2361.786951356644,0.114620222257529,8.542743631452172,80.43416623422544,781.2499999999999,976.5625,0.0005447573562282,0.192172482406136,1.7573641088284553,2.14957848061079,-1.775575552059247,1816.9252722163703,0.2988890776203691,9.249045348764868,91.0187016385763,781.2499999999999,976.5625,0.0004125264940656,0.1659064510973273,11.841376126914048,1.88330156216511,-1.7402250251831544,2313.6391512343107,0.0225864585125445,9.450819394368985,93.74882460611524,781.2499999999999,976.5625,0.0053949522837287,0.1478527979652959,0.067247722611273,1.69358827084037,-1.8580640793892151,2369.18420686221,0.0565056703440056,14.298286385036986,213.64844548843877,927.734375,976.5625,0.0005432351952712,0.0980836440446338,1.6537107354382123,2.1603228899586018,-2.547554909960092,1817.257684261705,0.1465645329377054,15.521725591910176,244.63963186146643,927.734375,976.5625,0.0004164063818443,0.0850818662983845,11.099608024657014,1.8858075281119209,-2.542585344026594,2329.005322883489,0.0109662102416757,15.929724812136374,253.69127970934352,927.734375,976.5625,0.0044793836027314,0.0762765480374801,0.0620511668204924,1.770006039407451,-1.959298240055879,2366.9246381699645,0.0291758640121167,32.87381544266812,1204.3956928475302,952.1484375,964.35546875,0.0003564768031952,0.0479060680446133,1.748175263295588,2.172989837123207,-2.3414689199826166,1823.3477665655105,0.0757762976408076,35.79466133285324,1383.0551601343695,952.1484375,964.35546875,0.0002663454340036,0.041471812717119,11.785690423438778,1.8953660920788515,-2.1862556578929127,2339.182098262037,0.0056987526140902,36.61546374360103,1427.1226099616888,952.1484375,964.35546875,0.0033462779954111,0.0373807466857005,0.0666358577059902,1.834285246461233,-1.841398219019148
k3_1.tsv.part.4,1.3641226058178473,-0.0283792821021247,-1.4986410512462105,1.3641226058178473,4.718188476562496,1.796051563304262,2.1137533453108253,1.9684712524379744,1.0959992979358042,2.268153937844668,2.007347093320827,0.3640214369494085,-0.6833810323295268,2.007347093320827,8.454418945312497,2.113812380093354,2.891380273769538,2.539243762684964,1.2012626033408045,4.211263808306525,0.5334820670325414,-0.0129920767399622,-1.2157263926664388,0.5334820670325414,2.466870117187497,2.3735992886460733,3.0121881962938404,2.7064407544872338,1.1402264769092585,1.2662726548138772,2033.9454115128824,0.2542356541533599,3.897048458683223,15.594999846662104,781.2499999999999,1562.4999999999998,0.0538829823351659,0.3782275023545506,2.4381160670253874,1.8489721691930097,-1.4702673537601678,1576.522560718179,0.6385038553777689,4.09659369596868,16.72617745151547,781.2499999999999,1562.4999999999998,0.0469701423715083,0.332793976919067,14.94369605137358,1.6203064182839486,-1.1912129558482958,1946.6573586544807,0.050509435309999,4.287267564737592,18.24236019519971,781.2499999999999,781.2499999999999,0.0343163357390577,0.3015691545269456,0.0918462451862515,1.4592899434520916,-1.9561797891587829,2254.1032171317383,0.1155127640046558,8.581557582087573,80.9534662587106,781.2499999999999,976.5625,0.0005293352182167,0.187155396317698,1.7815638869070065,2.083236255283988,-1.7703711153186774,1760.2848901851012,0.283638658537338,9.243101151872905,90.92752892094192,781.2499999999999,976.5625,0.0004178730381137,0.1651368484275402,10.661179035745144,1.860235569190924,-1.744380271903897,2215.099797930353,0.0226445020476354,9.47415924660756,94.1504326724873,781.2499999999999,976.5625,0.0051874674333613,0.145748275822617,0.0675529261521986,1.6473683076072494,-1.7253387144501702,2255.511456790601,0.0569305645714575,14.376587053845256,215.25932600366028,927.734375,976.5625,0.0006986547152765,0.0954615227310452,1.6778305796311253,2.090297118101027,-3.0590770592515857,1761.881024434087,0.1390758364960709,15.511798040264416,244.3410041119042,927.734375,976.5625,0.0004326059668239,0.084728547316899,9.993724134403212,1.8641023218613544,-2.526979206640719,2202.4987578060727,0.0110724756174241,15.934523509076415,253.72088505782452,927.734375,976.5625,0.0042525156134184,0.0751843078982163,0.0632491721734998,1.7117266804667426,-2.18154651734745,2243.597571745808,0.0293497416810224,33.13426934055339,1219.5846696335316,952.1484375,964.35546875,0.0004602401806481,0.0464676691548513,1.7688347501636223,2.094613874298342,-2.304110056192403,1758.7061487050894,0.0718915325008222,35.843987210267194,1387.042113179461,952.1484375,964.35546875,0.0004068032889162,0.0412177805301933,10.608027590342449,1.8688194735101695,-2.166855303934381,2208.3591279613397,0.005709712161127,36.87020737657335,1445.3524074073907,952.1484375,964.35546875,0.0032007068163892,0.0365071398360272,0.0668880936360026,1.7587121176986835,-2.1341574582947738
k3_2.tsv.part.0,1.3641613525948588,-0.00865635838356,-1.460373382209661,1.3641613525948588,4.718188476562503,1.7576408431873198,2.096824846034852,1.9409927781144227,1.1043170654788672,2.3204827665441203,1.924121658302289,0.4459558675249414,-0.6910671823557655,1.924121658302289,8.167016601562501,2.138789717915759,2.886740522668373,2.5549611585828185,1.1945826825241224,4.115291618795956,0.5479425323080925,-0.0369420941899184,-1.2707700300832894,0.5479425323080925,2.39501953125,2.2357874097356616,2.7992817227948343,2.530739176989416,1.131922993201141,1.1699365162568909,1959.006525246229,0.2567247160087432,3.851814532828835,15.240860461777569,781.2499999999999,1562.4999999999998,0.0502616833837444,0.3744370368665121,2.4798848730217595,1.8117780037600637,-1.4963709845898,1544.01493723058,0.5810829006552788,4.053438225871406,16.380604874662893,781.2499999999999,1562.4999999999998,0.0486139388663205,0.3349499850455765,12.392807396249832,1.6144827066355436,-1.2035585620002445,1724.8031525197923,0.0546028232404428,4.29081261630564,18.259100868761163,781.2499999999999,781.2499999999999,0.0314911311003596,0.2954213385730491,0.1069751851382045,1.393610010484842,-1.8618288511954315,2167.369995403329,0.1167081650849903,8.485938361305958,79.3782484642335,781.2499999999999,976.5625,0.000578884580109,0.1854499016882738,1.8175116578459207,2.0364042821019317,-1.7782002655976663,1717.0739675229067,0.2577184492209142,9.185198081614589,90.10375262306344,781.2499999999999,976.5625,0.0004376012969407,0.166950940763706,8.806838358137638,1.8608931977378145,-1.7602966488702925,1956.3565485762863,0.0244456495700817,9.45750238672125,93.80771508856434,781.2499999999999,976.5625,0.0045366634520179,0.1428939828955043,0.0786631400889552,1.565949296036269,-1.848762046453743,2170.746095541244,0.0574064926963304,14.243691064490596,211.4442298364342,927.734375,976.5625,0.0004043140014661,0.0945194426796882,1.7056979146024622,2.042696000351783,-3.0557884155382298,1717.2956084938348,0.1263655703397311,15.40791850606402,241.94009796473583,927.734375,976.5625,0.0003945829376706,0.0856097614343631,8.25175337221154,1.8642196952349157,-2.72189801952279,1960.745518187002,0.0119526999907047,15.957551961728417,254.4544521105589,927.734375,976.5625,0.0033688932278706,0.0736153798994379,0.0736879692355708,1.621911485134375,-2.0281073517506205,2177.628025372027,0.0294444485897144,32.745206033789074,1193.9257159696326,952.1484375,964.35546875,0.0003031658738297,0.0462486387471852,1.780232584928103,2.0586034639800364,-2.2500138650440245,1721.062093008511,0.0648346484894065,35.54065697405532,1368.5271513415785,952.1484375,964.35546875,0.000289869894176,0.0417359585250994,8.628039303968269,1.872890626277223,-2.2763426378306897,1950.4334475610267,0.0061579507705873,36.5989944304896,1422.6278803866037,952.1484375,964.35546875,0.0028081225393887,0.0358926117063847,0.0777989107065954,1.6680495526181836,-2.089946626059932
k3_2.tsv.part.1,1.369588464021935,-0.0126632543014852,-1.4837327079660878,1.369588464021935,4.598437500000003,1.7725264031052097,2.0965892358295584,1.9490800758820268,1.0996056659395994,2.170805786132814,1.9022253055065013,0.4534652189420857,-0.6701842771854518,1.9022253055065013,7.855664062499997,2.1642090180898075,2.9392458724900434,2.593455345040682,1.1983386647791254,4.116813160615809,0.5461920283982852,-0.0211355914943179,-1.2928115964406672,0.5461920283982852,2.5387207031250014,2.463760484912183,3.0669362359665646,2.7810941546671644,1.1288005354815536,1.345686336741728,1951.5982941558727,0.2593007433821546,3.855509963619448,15.269259939162488,781.2499999999999,1562.4999999999998,0.0496885937787432,0.3738561519333004,2.5289374285799497,1.8086226572675648,-1.4990800550076593,1525.5778402629298,0.5699168281714407,4.04575303911533,16.31225711363878,781.2499999999999,1562.4999999999998,0.0483081398879025,0.3343515008451961,11.916810316828704,1.60581557815963,-1.203301600340147,1681.2832162965838,0.0543995863219655,4.291591396535245,18.257995943167835,781.2499999999999,781.2499999999999,0.031270948379355,0.2942812082840319,0.1061146647262146,1.3828719126535411,-1.85914463853334,2159.246062655344,0.1177781593077391,8.49299900740572,79.48634693422208,781.2499999999999,976.5625,0.0005653118666915,0.1851018979955954,1.8507599946925508,2.03153807564113,-1.7773509360763158,1698.222335151836,0.2525188724828157,9.171772589113669,89.88017046600017,781.2499999999999,976.5625,0.0004700306618594,0.166961700355692,8.45508946959591,1.857256887192352,-1.7627517442455434,1907.052208108888,0.0243614440529601,9.449674149040476,93.6437680504198,781.2499999999999,976.5625,0.0048661753132235,0.1426007441675627,0.0781157377667612,1.5622534418391,-1.8473973598011248,2163.4578914768736,0.057980990105152,14.25546065939212,211.8359582437524,927.734375,976.5625,0.0007345204562444,0.094462481618299,1.7399898354754122,2.0405714390725107,-2.8690511205220464,1699.1894768596446,0.123928180233392,15.400695255743386,241.78171669539853,927.734375,976.5625,0.0003845744099328,0.0855677637130751,7.93644043748372,1.860127260813192,-2.792545108319102,1903.6498162394776,0.0118822087196859,15.964637146748242,254.6293484780948,927.734375,976.5625,0.0039902068507743,0.073342306001205,0.072818473219181,1.614948164964722,-1.950054556715232,2156.375196104333,0.0299759962252807,32.97809483851415,1209.9626450113235,952.1484375,964.35546875,0.0003394664695312,0.0459436741671443,1.845036495306676,2.0465562962699497,-2.2097102210570414,1697.9975400945857,0.0639575774630255,35.59486607825841,1373.0918034170345,952.1484375,964.35546875,0.0003018698196038,0.0416560096083619,8.396125357951686,1.8661296508708496,-2.1467945061379496,1890.4211213012925,0.0061556633638508,36.76921446817184,1436.2106172419092,952.1484375,964.35546875,0.0032338756569903,0.0357303658462901,0.077740221491934,1.6627229179898797,-1.911032125248572
k3_2.tsv.part.2,1.3771733056711255,-0.02411287978231,-1.4836178768623836,1.3771733056711255,4.6702880859375,1.7449487599899265,2.060691878629491,1.91703096742671,1.098617341312519,2.267191233915441,1.891000434602723,0.4265520525538548,-0.6272187659490998,1.891000434602723,7.831713867187503,2.138935398865556,2.9602393846210537,2.585214496326189,1.208645430664867,4.0447277688419145,0.5460988701930841,-0.0361611676263386,-1.3212998718587652,0.5460988701930841,2.2513183593749986,2.112857028017834,2.6144925609864726,2.3769811555216243,1.125008045504895,1.1538288358800566,2000.769646510692,0.2573467423364008,3.7998424512075286,14.871933169635287,781.2499999999999,1562.4999999999998,0.0519150002420044,0.3799773755971312,2.50105138166878,1.8324559467399315,-1.5369166297635686,1534.2345947611743,0.5602381037634386,4.044738604288336,16.3193422410552,781.2499999999999,1562.4999999999998,0.0481303498250338,0.3353473943744689,11.522396117016129,1.6110660844193851,-1.2124517911270367,1669.6279697484958,0.0543789519316134,4.288473816104197,18.234738701419666,781.2499999999999,781.2499999999999,0.0320173622919423,0.2943355643934054,0.1060373011323113,1.3831442141575332,-1.8573862777710173,2210.928202909958,0.1172041067238042,8.366976142249008,77.50307549050017,781.2499999999999,976.5625,0.000594502983493,0.1883504302908225,1.8349124936531405,2.059825392115761,-1.7890022538603394,1706.372396100311,0.2482075968945324,9.161689361497793,89.75914256642187,781.2499999999999,976.5625,0.0004069277865178,0.1674210988758189,8.17006598662003,1.861055860539219,-1.7641229950555195,1894.7102285767503,0.0243543419822327,9.45982356566581,93.84156672965872,781.2499999999999,976.5625,0.0049627120313928,0.142400378725316,0.0780658290783744,1.5572242599723125,-1.8483995359336904,2211.569643893167,0.0577222616458649,14.068771799557744,206.7956875212616,927.734375,976.5625,0.0004326094106508,0.0958663804500596,1.7249524900136877,2.064958807640721,-3.1239949981649757,1706.2195327373852,0.121593100449554,15.37286370862076,241.11269188803,927.734375,976.5625,0.0003315485189049,0.0858079761797074,7.640490309524865,1.8636625371707705,-2.749164087720504,1894.698086642083,0.0118495392826581,15.967866792525822,254.791736432046,927.734375,976.5625,0.0036530975577223,0.0733555726389358,0.0724187436158887,1.6150029159052084,-1.8670810496791688,2218.974053436031,0.0294451285889967,32.487273289041056,1178.0770213560947,952.1484375,964.35546875,0.0004177364215222,0.046703526121255,1.7803899283377296,2.072643517862531,-2.424752765677069,1708.1053808862748,0.0621639539512381,35.42989360197453,1360.906446560526,952.1484375,964.35546875,0.0002752509867398,0.0418016977473576,7.931903731780671,1.870425132137988,-2.135153526056812,1904.1619652645848,0.0060743047537023,36.71378029710428,1431.5295987907866,952.1484375,964.35546875,0.003139533757855,0.0358011209175525,0.0756992192383842,1.6696762841136912,-2.1647099712863307
k3_2.tsv.part.3,1.38063134589034,-0.0216400592527859,-1.4737509784737928,1.38063134589034,4.837939453125003,1.7719512829723478,2.093274495991849,1.9472654646222052,1.0989384885095588,2.391527968462776,1.889676444263897,0.3913037206417293,-0.6132260149477826,1.889676444263897,7.951464843750003,2.1249590437378885,2.9484168300225164,2.5707675772664302,1.209796294588505,4.015485049977023,0.5452357702083919,-0.0216496906830967,-1.334315844193508,0.5452357702083919,2.2513183593749986,2.152837052370428,2.651121611624714,2.4156246364260543,1.122065710345462,1.1738037683823543,2068.6401811291566,0.2513956013934932,3.6983689178105528,14.120900402098297,781.2499999999999,1562.4999999999998,0.0518491283011076,0.389196713125972,2.4015047839340595,1.8644051955403165,-1.6018039646416566,1575.0179288329834,0.5518712985652781,4.033985635946499,16.26205191214459,781.2499999999999,1562.4999999999998,0.0496277664195304,0.3392232823396063,11.20708423493714,1.635622286140235,-1.2288325632409582,1674.0741861535255,0.0538268373641076,4.276276868239879,18.13056580814212,781.2499999999999,781.2499999999999,0.0347730114220508,0.2962949427613119,0.1040056673971924,1.4005969976227668,-1.860656987286546,2279.289552641864,0.1146756185536091,8.145140941688084,73.96962953204212,781.2499999999999,976.5625,0.0004885800447317,0.1930906564997327,1.7596632852040834,2.0942242867704843,-1.8110127949156416,1749.2870912177625,0.2450777547687895,9.131431522339678,89.34266633754758,781.2499999999999,976.5625,0.0003883048429747,0.1694771224480132,7.970686590434548,1.8890969766210013,-1.7674790718515117,1896.8003186445396,0.0240900894100875,9.449719604109056,93.68186552832528,781.2499999999999,976.5625,0.0043332947337055,0.1435458981000301,0.076405462065593,1.582247698643939,-1.8512752394594447,2281.485887422185,0.0566765368139414,13.717381688560296,197.10694468003484,927.734375,976.5625,0.0006683363883246,0.0981846775483578,1.663759785240963,2.101265699366599,-2.637614326126423,1749.464775953836,0.1201096065830487,15.303784184528432,239.39592013969352,927.734375,976.5625,0.0003717886230313,0.0868825918431684,7.456565743742609,1.8913508700331008,-2.5534459056191525,1897.5404097143896,0.0117187230453092,15.953942694901556,254.3158312038325,927.734375,976.5625,0.0036227745998001,0.0737992550352362,0.0708331962696203,1.6303288660927238,-1.9726230740034831,2285.8948801435645,0.0290020386990151,31.794335446265723,1135.390708714204,952.1484375,964.35546875,0.0002677285755263,0.0477494492149722,1.7273807775921568,2.103211024999283,-2.421421855978992,1750.1591078874224,0.0615001046088689,35.37562192647453,1360.3873179633183,952.1484375,964.35546875,0.000196116499957,0.0422856455262119,7.76371394548346,1.894824840146385,-2.3497250237864487,1902.32533585994,0.0060283922218211,36.874441501215856,1445.470894188927,952.1484375,964.35546875,0.0030145319071663,0.0359101764820703,0.0745597837408253,1.672811192467922,-2.4605233110136147
k3_2.tsv.part.4,1.381403254769733,0.0079416021086167,-1.444642515119038,1.381403254769733,4.933740234375001,1.8015007860268208,2.1491170741678856,1.989866907268702,1.1045606655866742,2.4885990492876826,1.9044395603474176,0.3422662635124525,-0.6313336119447062,1.9044395603474176,8.119116210937506,2.142068039634873,2.9679705650036583,2.587624661039977,1.2080030200539529,4.0396770953010135,0.5484195306064309,-0.0120878814566968,-1.34167670733043,0.5484195306064309,2.323168945312503,2.119359755684949,2.6072743076825464,2.378607483131957,1.1223236058680477,1.160870662913603,2149.41875762068,0.243862205387286,3.5946198610467333,13.363901917351416,781.2499999999999,1562.4999999999998,0.057138148174043,0.3996839152901498,2.275968666048583,1.900112397820594,-1.6693311397812869,1626.3359001656593,0.554779547837459,4.025024906703999,16.204652735798856,781.2499999999999,1562.4999999999998,0.0483785972851985,0.3425425470972467,11.348497899276747,1.6619657221500403,-1.2433159071482356,1770.2784793740796,0.0535474514173603,4.263328326704811,18.02430532934432,781.2499999999999,781.2499999999999,0.0378875937282959,0.3009510804663001,0.1031919254329524,1.4464567171886322,-1.127662696722854,2361.166414406312,0.1117335014426003,7.918155793809266,70.34251264138295,781.2499999999999,1171.8749999999998,0.0005061629898521,0.1988082931237906,1.6741383932460747,2.139954973900228,-1.8329060046566985,1808.718422703768,0.2464189372305047,9.099972269556307,88.87062290792926,781.2499999999999,976.5625,0.0004042231924498,0.1711473346407719,8.062620512399096,1.9137280792434703,-1.769733319656208,2011.7062565153076,0.0239782215336674,9.455433972321185,93.820715052969,781.2499999999999,976.5625,0.0043977505312756,0.1459063100421752,0.0757481713480494,1.640132316003657,-1.857542783673693,2358.898046907744,0.0555507207993333,13.407283680061385,188.4727231183465,927.734375,1953.125,0.0004865896130029,0.1006209417287186,1.5990855495645413,2.143326823033175,-3.1185193151015587,1808.685213819631,0.1208680614789743,15.242411914827208,237.7164972083167,927.734375,976.5625,0.0003102786406046,0.0877087868694345,7.55211592459777,1.9170943276517112,-2.917164615177788,2009.2715929885376,0.0116820511038887,15.930850564703777,253.6706192420295,927.734375,976.5625,0.0030929844949261,0.0750591939096635,0.0704036971559111,1.6879087019364154,-2.2142258618047728,2370.924047705872,0.0283049675293169,31.20463328356502,1102.7168125548574,952.1484375,964.35546875,0.000387314522837,0.0491326733234237,1.6455626158068757,2.153496969611818,-2.4605380517685957,1809.702177520822,0.0620272725772286,35.59875862853078,1381.1831014358745,952.1484375,964.35546875,0.0003034840147211,0.0426462530105534,7.897624187953702,1.923053027637175,-2.5567213505101245,1983.559521616406,0.0059761338641389,37.27360501162612,1479.001761392048,952.1484375,952.1484375,0.0028894593621545,0.0363004125551868,0.0732747751136342,1.714398841736037,-1.9350450398120689
k3_3.tsv.part.0,1.3947087551502082,0.008743934051095,-1.3869387626365832,1.3947087551502082,5.173242187500001,1.9255775950173144,2.3311800142036847,2.144576222320403,1.1137313956444943,2.6856199304917308,1.930355431534097,0.2941222298155541,-0.6554963765014841,1.930355431534097,8.238867187499999,2.162242631236678,2.967081320056367,2.598365022499324,1.201699099334291,4.0649703799977,0.5610567460862141,0.027164281301342,-1.340081161586724,0.5610567460862141,2.2992187500000014,2.114637484603875,2.6467653677210645,2.389864213153876,1.1301531494423298,1.1864316262637868,2231.969885598685,0.2401182881024939,3.4441132388240163,12.242013722919816,781.2499999999999,2343.7499999999995,0.0582486016647011,0.411298470736915,2.224542741756068,1.9291127024554533,-1.7165662253155585,1683.1169879449849,0.560191500563038,4.008246986441977,16.120721939824623,781.2499999999999,1562.4999999999998,0.0476567798227933,0.3477916943081596,11.608516496136508,1.6923557870073451,-1.2665123952468065,1749.0852752178491,0.056238441733005,4.270341616333428,18.08250752391173,781.2499999999999,781.2499999999999,0.0348683843268729,0.3000665731042629,0.1137687304078955,1.4404798169736244,-1.1281059203269113,2443.629098966346,0.1102353119202944,7.572790243117629,64.73969968555568,781.2499999999999,3710.9375,0.0007566423009751,0.2051166115208943,1.6335380359836291,2.1747201207916342,-1.8696709615256808,1870.9444460908292,0.2490784260945429,9.048766934975012,88.13797480150876,781.2499999999999,976.5625,0.0004719477302061,0.1738469228769732,8.24504581031781,1.9425810963538976,-1.772582078997694,1984.486195915396,0.025134515802649,9.460217253836449,93.90269209664562,781.2499999999999,976.5625,0.0037764748993285,0.1453385251849083,0.083216402562569,1.6257599148697093,-1.857408233531848,2442.424327094204,0.0547933955235194,12.926954527605464,175.3402583357568,927.734375,3808.59375,0.0007628246618636,0.1036564298339884,1.556736998613554,2.183199505774244,-2.705678556688912,1869.1743804996745,0.1224006807856938,15.159285195434355,235.8333820247964,927.734375,976.5625,0.0003288669135504,0.0890174601527593,7.746630918270502,1.94698338910306,-2.3517536881433925,1986.1865778607644,0.0122817489015069,15.93194967466971,253.822219607772,927.734375,976.5625,0.0030249256277886,0.0749349730228746,0.0778161328003326,1.6720786074120546,-2.1942286809820466,2428.0566005510696,0.0283245846294433,29.745192569014527,1001.4967437859918,952.1484375,3808.59375,0.000361272972963,0.0505622873420198,1.6480786543235606,2.191257747648543,-2.4602375390912914,1861.882902688576,0.0631395879399229,35.20837947329098,1353.8017407241268,952.1484375,964.35546875,0.0003610915957463,0.0432371747095053,8.183829640347428,1.950592522637543,-2.297163502364487,1960.5078237289852,0.0063652612561264,36.69759614610647,1432.8235948891308,952.1484375,964.35546875,0.002516709747839,0.0364939902514495,0.0831289775717545,1.710500433894321,-2.0925718619616864
k3_3.tsv.part.1,1.4008035521378357,-0.0087698669947337,-1.384784268423769,1.4008035521378357,5.26904296875,1.9527254019902456,2.362114978668965,2.174294791982185,1.1134667423110862,2.7353846794577192,1.952749126689797,0.2446284255456349,-0.6775821691447095,1.952749126689797,8.454418945312504,2.196161523669312,3.0067487514039013,2.634633950795647,1.199653997395302,4.165866447897521,0.5602570644642518,-0.0090846008195974,-1.319962350662912,0.5602570644642518,2.4189697265624943,2.2740485626754707,2.864007751864753,2.578596464564097,1.1339232182140906,1.2740517721737104,2258.188567401526,0.2401209768551344,3.399514078653508,11.906338973724012,781.2499999999999,3124.9999999999995,0.0576979672442453,0.4149845581534609,2.230387763558268,1.940273598958383,-1.736269346966416,1747.4460895747814,0.5633311610407089,3.988274116193793,16.0034392212652,781.2499999999999,1562.4999999999998,0.0489601527568042,0.3533572451758323,11.779869579908736,1.7248840761797424,-1.2917556892418158,1841.826825932971,0.0553835491485089,4.276242276394674,18.149785009163125,781.2499999999999,781.2499999999999,0.0344041217053516,0.3031560855902818,0.1105248181607399,1.4735310851134504,-1.1299540996308424,2470.520108088394,0.1103456122624571,7.46846827448348,63.02676365982588,781.2499999999999,3710.9375,0.0006821118370583,0.2068661973298035,1.6379408514805276,2.1839582364486847,-1.8835823356696868,1940.43789576041,0.2511438254041757,8.989747283422233,87.2960435334725,781.2499999999999,976.5625,0.0006398203564694,0.1768501020607343,8.390920647022496,1.976495980529784,-1.7766279192521002,2091.7935481822037,0.0248210036966515,9.444209875073168,93.64671372236675,781.2499999999999,976.5625,0.0038184630481231,0.147085590109489,0.0811939741843767,1.6658620020057266,-1.8614533150807304,2470.7979931964564,0.0548297507601042,12.800211438735264,171.9148325439048,927.734375,3808.59375,0.0005265093942367,0.1044194009125924,1.559048302075374,2.192576225183991,-2.933019853645294,1936.1682788108008,0.1237025034665349,15.06464970759805,233.68390565675475,927.734375,976.5625,0.000472222554207,0.0903996556157226,7.914236363104512,1.9795536216296976,-2.575126544267403,2089.806688830801,0.0121561523340988,15.921522822975016,253.56272771321136,927.734375,976.5625,0.0031440680695579,0.0757072409680242,0.0762415509872972,1.714567852639737,-2.3143238878684578,2474.31826999905,0.0280481230118391,29.128761716344325,957.4801926367672,952.1484375,3820.80078125,0.0004637725457103,0.0512044837837604,1.6161689228691682,2.206988676222944,-2.833547798880584,1941.0860825629595,0.0630960583437299,34.76470593440399,1323.7263303097634,952.1484375,964.35546875,0.0004603443449588,0.0440570187863274,8.173133162566982,1.986273592904631,-2.561501525887653,2064.431147096637,0.0063064176912619,36.55757023065103,1421.7888617321232,952.1484375,964.35546875,0.0026777262476932,0.0369282337440162,0.0816017107489277,1.7547351839921952,-1.6533646471972383
k3_3.tsv.part.2,1.4002094807411571,-0.0088052686459742,-1.3890979753558794,1.4002094807411571,5.316943359375003,1.9714501267745024,2.385692876189017,2.194932986333396,1.1133596313311434,2.7604431583180147,1.958371385892198,0.2156830330985993,-0.6691432846476526,1.958371385892198,8.430468750000003,2.2162102916336077,3.0446842439977675,2.664933194342097,1.202473070539587,4.090305929744943,0.5523165570355091,-0.0426999953315661,-1.3028681461209086,0.5523165570355091,2.442919921875003,2.28361067679212,2.884351106048378,2.5950492062694317,1.1363798709834383,1.2612759866153522,2297.2798064476474,0.2369403559696699,3.3521903669232502,11.541848121654212,781.2499999999999,3906.25,0.0586203713315438,0.4190625913693713,2.177993409155195,1.953646150550292,-1.7608649022325298,1791.661425071871,0.5578447447700892,3.97146056754102,15.91011176024423,781.2499999999999,1562.4999999999998,0.04934168049048,0.3576071793688669,11.58256223447036,1.748380149879778,-1.3157755568322054,1959.9452011245903,0.0530594364525743,4.284004886625482,18.221561931856776,781.2499999999999,781.2499999999999,0.0381389908665007,0.3066159686609543,0.1016393381571911,1.511794927499465,-1.9196237875194655,2507.3513060617647,0.1092573463221386,7.372970486644267,61.45019585900509,781.2499999999999,3710.9375,0.0006598790588696,0.2087825219823201,1.6070188616514665,2.196461816017755,-1.8980988813718085,1990.28040777773,0.2491787939514441,8.944452022503105,86.6594767797263,781.2499999999999,976.5625,0.0004922862708342,0.178908586222549,8.265993356822872,2.0004230612500438,-1.7812742668751955,2221.0782265275384,0.0238127348973607,9.449386731560086,93.79025779203776,781.2499999999999,976.5625,0.0042851386140423,0.1490185412211918,0.0747733629455835,1.7133320067294653,-1.8669197387659653,2506.1312819025256,0.0543926755022041,12.664493058798987,168.49977724971637,927.734375,3808.59375,0.0007878243177702,0.1053910560929087,1.5346008823379669,2.2043659662727717,-3.1037063577775728,1987.1977244727373,0.122678579535718,14.988747722958696,232.17459251119809,927.734375,976.5625,0.0003669358527691,0.0914530809392027,7.785240462206747,2.003485258046408,-2.6587503333594533,2209.143901188485,0.0116519268095386,15.93107921740502,254.42781950467517,927.734375,976.5625,0.0030241330084652,0.0767819371697288,0.070059286755194,1.7640669034863756,-1.969182433222897,2497.4862421933226,0.0279558579071771,28.77996894927197,928.5979118165956,952.1484375,3820.80078125,0.0003700851383238,0.0513741006634979,1.605581405500917,2.208742426299306,-2.9350699325462664,1981.0553571610344,0.0628467938324637,34.233825026136806,1284.2924949800072,952.1484375,964.35546875,0.0003156219638587,0.0445315584108068,8.109024098313887,2.0048984693152105,-2.3925718569224674,2193.3206712084,0.0059868880988914,36.3119306826996,1400.976638333789,952.1484375,964.35546875,0.0025510780259217,0.0373203210041261,0.073544247268192,1.7928422593227165,-2.0420110368561675
k3_3.tsv.part.3,1.4071602945628516,0.001048296432604,-1.3898331101604704,1.4071602945628516,5.364843749999999,1.950173228547265,2.3609548489747363,2.1715026191607087,1.113492169502459,2.7442063347311567,1.9728492840592244,0.1966090785268971,-0.6683727461604372,1.9728492840592244,8.478369140624999,2.213278938908124,3.052582749939008,2.665298747272486,1.204230836167156,4.111903370576746,0.5531585762831829,-0.0778468419857754,-1.2658277770622075,0.5531585762831829,2.4189697265624943,2.245479852229588,2.8624105345936,2.564868962738572,1.1422364623721095,1.1768632884306038,2341.1917913590187,0.2364552171406136,3.3205572296683656,11.316228666197585,781.2499999999999,3906.25,0.0595597055726888,0.4239339451986336,2.1766604176901323,1.973231734756059,-1.7746314132786511,1820.1474367529977,0.5635635326245072,3.968172351795552,15.890577237800272,781.2499999999999,1562.4999999999998,0.0509855210478061,0.3593890815283507,11.83464915084015,1.761345485494967,-1.3232163547843954,2035.7607017561163,0.0525210520747377,4.267696636771562,18.103701772825534,781.2499999999999,781.2499999999999,0.041619192132387,0.3107118172359339,0.0998173368940603,1.5426782414351772,-1.1414628156828412,2556.449353922665,0.1091407770110766,7.304690366916927,60.371707600337,781.2499999999999,3710.9375,0.0007345482513594,0.2111919826700251,1.6051464708955625,2.217367453448426,-1.9082189361568829,2020.435036871355,0.2519365100117728,8.931886460265616,86.48357299875182,781.2499999999999,976.5625,0.0004662665726962,0.1798336303649572,8.452686076195482,2.0152994659995622,-1.7829212230748637,2320.278779679566,0.0236064474521284,9.429845277904777,93.50427872756256,781.2499999999999,976.5625,0.0039382773001777,0.1510239931471277,0.0735267213659188,1.7504960610028846,-1.874044847247946,2554.195474524038,0.0543355818720518,12.58141484509283,166.54469869943793,927.734375,3808.59375,0.0004781779959949,0.1064798683366903,1.531730355194768,2.224527595608085,-2.7330343887086737,2017.872342345208,0.1239308485278135,14.975314592870092,232.06617826912287,927.734375,976.5625,0.0003539877436369,0.0919371122357313,7.945690226497466,2.019000562301102,-2.82918929158675,2309.4716977784424,0.0115144156096624,15.918506118450448,254.26977719546795,927.734375,976.5625,0.0028064512913018,0.0775953916335416,0.068423964413754,1.7933825933902092,-2.2023563786176927,2549.724603907004,0.0278498066619605,28.38583725904513,899.8922246821132,952.1484375,3820.80078125,0.0003309980510296,0.0519566685169922,1.5935185519022042,2.229956292688572,-2.855214443352773,2017.4157093812416,0.0633953006676532,33.856313382249624,1255.171271675671,952.1484375,964.35546875,0.0002917129592093,0.0449163351151239,8.251471173672208,2.024915369414437,-2.5653653037139312,2293.7685798201583,0.0058719994235533,36.006994396874624,1375.9026332825915,952.1484375,964.35546875,0.0024756844371451,0.0377922503379463,0.0707511995213149,1.827259103334667,-1.861996255258096
k3_3.tsv.part.4,1.4037974382646123,-0.0057068311335846,-1.3902677808045805,1.4037974382646123,5.26904296875,1.9422365338934355,2.350770774768916,2.1630883966533467,1.1137100754238147,2.726506670783545,1.9803779822417489,0.1864402461511503,-0.6914287903754279,1.9803779822417489,8.454418945312497,2.2172870113194114,3.082563289721897,2.6728811636604908,1.2054736937596433,4.063352567784924,0.5523214036104432,-0.1141054657059381,-1.2134758199401754,0.5523214036104432,2.323168945312503,2.1944843625169463,2.8498226961109414,2.529821094592733,1.1528088957039433,1.1111082620059742,2359.9174799185785,0.2347004016868899,3.331769901395318,11.403241753528787,781.2499999999999,3906.25,0.0598590455777079,0.4249793501887994,2.146086014521996,1.9826033846707145,-1.770911552887959,1850.2950883645196,0.5638751810763502,3.955927452494183,15.796497272519847,781.2499999999999,1562.4999999999998,0.0500051492373741,0.3612651994245659,11.861928030240046,1.772982586218917,-1.3369090169187747,2195.6566728937373,0.0510872266513506,4.251256777692063,17.99964629673853,781.2499999999999,781.2499999999999,0.041476975695501,0.3175054930255224,0.094809281784277,1.592843317494976,-1.96608511075062,2581.091331485044,0.1083301214986394,7.318821862725615,60.63254682741261,781.2499999999999,3710.9375,0.0006774597259271,0.2119137523006596,1.5818525231841387,2.2271090106747904,-1.903312984100456,2054.059434714326,0.2524452306115521,8.904575049905613,86.09729817883122,781.2499999999999,976.5625,0.0005055685836282,0.1807699723264966,8.489632368583964,2.0247208587728824,-1.7873698404699658,2499.1173059779653,0.0229330858257365,9.406138972162765,93.21431341892595,781.2499999999999,976.5625,0.0042811537957714,0.1546832689586712,0.0694678185971869,1.816206268733087,-1.8909445699355696,2583.6815296549053,0.0540536161779833,12.573322404641068,166.77790862270018,927.734375,3808.59375,0.0006393095758574,0.1070276840191825,1.5160495839383423,2.2361319594589903,-3.068545376706368,2057.910052536313,0.1241549677114935,14.930959996833618,231.25498842537968,927.734375,976.5625,0.000439560682729,0.0925413833111307,7.975336024192897,2.033381486276614,-2.788627427146281,2502.1544514830343,0.0112142865090794,15.877567138479671,253.84867346519377,927.734375,976.5625,0.0029569615977661,0.0796834920358211,0.0649246291406685,1.8705793448015744,-1.914532738437116,2593.318393062582,0.0276583477195372,28.14243236994501,881.7192300202964,952.1484375,3820.80078125,0.0003909021339051,0.052329512564909,1.5717449004785515,2.2445664872858107,-2.7881848727308958,2061.4771850764023,0.0636260088493392,33.39839730601492,1220.208143233522,952.1484375,964.35546875,0.0003807284019793,0.0452582713032633,8.311893727740147,2.038651942598486,-2.358436140867452,2532.5537021701903,0.0057135956896307,35.62720938947356,1348.4297840538495,952.1484375,964.35546875,0.0030496849832096,0.0390470550605136,0.0669919503094433,1.9247265230456083,-2.118604164899137
k5_1.tsv.part.0,1.4928446266091155,-0.2686317471531546,-1.008860973545939,1.4928446266091155,6.035449218749996,2.1116306353216165,2.528097347141561,2.3641328948837605,1.1195769067461394,2.883112771426928,2.3204138443554085,0.0667043624114015,-1.239847829833045,2.3204138443554085,9.891430664062495,2.222964748339943,2.63210143360919,2.4581714407707,1.105807657366768,4.733232486500457,0.2362826833812988,0.5659107829351627,0.3919021637839401,0.2362826833812988,1.844165039062496,5.0745031414755255,7.637939360956035,6.4209367601213465,1.2653330939222387,1.1990172190946675,1443.8397019947067,0.372411146657175,4.169085549048755,17.30579120766997,781.2499999999999,1562.4999999999998,0.0383712100133511,0.3187876926175714,5.0418892246548745,1.5184132506202712,-0.9827308590668892,1548.0226425484066,0.899635140673394,4.184996774679019,17.38973129634762,781.2499999999999,1562.4999999999998,0.0354158094510245,0.3187593238472438,29.42209874188719,1.555528776794197,-1.2770117359860735,6618.899625904124,0.0036517840007093,3.122701426985791,10.315385386306358,781.2499999999999,8593.749999999998,0.2159608510396834,0.6564071581973188,0.0006296865104568,2.7872877928998188,-2.592139448360105,1618.9545702263888,0.1667103003560995,9.472499827031571,94.88190776996048,781.2499999999999,976.5625,0.0003494101848957,0.1553486230700928,3.671732394354624,1.7064224374420194,-1.899784678402893,1739.4005116626354,0.4027908835668785,9.495079943963166,95.20068015347812,781.2499999999999,976.5625,0.0010276296440824,0.1552955926165477,21.433763402779554,1.7478416376472006,-1.8894271413206865,6459.332193704542,0.0015614754617071,6.661025277553483,55.31234148180676,585.9374999999999,2148.4374999999995,0.0862608009149527,0.4005592464743319,0.0003649939061503,3.6377215701722503,-2.665020102438722,1619.170073222969,0.0825604246811702,17.255575105397504,314.65781690567127,927.734375,976.5625,0.0004454710133059,0.0788272998616994,3.51845050752119,1.7110814363642248,-2.310211908164684,1740.3710746333022,0.1995704848824852,17.30720581138658,316.09187712807216,927.734375,976.5625,0.0007333975986828,0.0788021260580988,20.558836002087507,1.7618521719449236,-2.3277404294856634,6295.034288869973,0.0007430580712031,13.68581131878688,225.03312478870944,927.734375,1904.296875,0.0613589536974619,0.2167136686035932,0.000296547975376,4.2643008903884665,-2.820502025332342,1621.1435870965977,0.0420233298210372,37.910852086892106,1545.7419923695318,952.1484375,964.35546875,0.0003893095614593,0.0386570808373811,3.623859857280759,1.7204221378187552,-2.173574153383319,1739.892455822362,0.1016865719927121,38.03043193715857,1552.953176527828,952.1484375,964.35546875,0.0009294177845663,0.0385933127473413,21.21854245867293,1.774099311689162,-1.9684071405736876,6307.950400735226,0.0003679891020639,31.35025443923381,1165.7526057264674,952.1484375,976.5625,0.0509589233572224,0.1068414107636977,0.0002806346553157,4.766991140172189,-2.5414993224082387
k5_1.tsv.part.1,1.492163983369329,-0.2713296720343436,-1.0273184893803635,1.492163983369329,5.891748046874994,2.0971238553023994,2.505135740348793,2.3440047572211045,1.1177235675873354,2.762495361328122,2.326557453994193,0.0615212682921408,-1.2413777472525542,2.326557453994193,9.723779296875,2.161519797010862,2.5586628969303344,2.390018491073484,1.105712052408037,4.694879301183366,0.2310534529608404,0.5304819950476269,0.44241852881298,0.2310534529608404,1.7723144531249986,4.912708984717235,7.362982254617542,6.231465346045173,1.268437712355934,1.1350983743106615,1428.2899948915249,0.374247765538184,4.170682429076226,17.310459126257246,781.2499999999999,1562.4999999999998,0.0380298426142326,0.3176262060804964,5.088325452485565,1.5095918643933868,-0.9867061918865468,1547.1186512632337,0.9049030192609048,4.180782386166586,17.3501132246588,781.2499999999999,1562.4999999999998,0.0358335689365449,0.3188880291743685,29.769891670798884,1.5554628258927343,-1.2782403917824403,6657.876330682274,0.0035635741450968,3.1872668782569966,10.824730081482098,781.2499999999999,8593.749999999998,0.2184496462211031,0.6631597776855565,0.0006033675419758,2.8040808735503706,-2.5601738710028124,1600.6453304118202,0.1675806484322361,9.477929325900451,94.9529238341714,781.2499999999999,976.5625,0.0003278585098986,0.1547024186672528,3.709444817119919,1.6960828337666198,-1.897916986102311,1739.837024422859,0.4051353665988615,9.48917601764418,95.10587539855425,781.2499999999999,976.5625,0.0009179851509398,0.1555410620435338,21.68561966958588,1.751111533334614,-1.8900290044393124,6620.018600785337,0.0015294744766981,6.837042371062028,58.05797591843488,781.2499999999999,1953.125,0.0811783538419284,0.402353800039281,0.0003506215954838,3.656223971855757,-2.581651943246102,1599.3354603439006,0.083436295784717,17.255267117423198,314.34345258145925,927.734375,976.5625,0.0003925180936453,0.0784380396433713,3.593281298071606,1.6987813498738598,-2.0147039816921475,1736.3128434594848,0.2007528595504034,17.29288774648356,315.5682994453308,927.734375,976.5625,0.0007266856703618,0.078887952982744,20.80344307864305,1.761816504845242,-2.063331449383188,6568.359774402517,0.0007234840068788,13.6316030198691,221.6912398255653,927.734375,1904.296875,0.0540477236651756,0.2126315479936375,0.0002806594665756,4.251339943540221,-2.965874692714161,1598.7781444918985,0.0426446987997972,37.9564724920268,1548.1437071418916,952.1484375,964.35546875,0.0003224831179587,0.0384037815555513,3.731746280256447,1.7031507910639132,-2.2613466998328136,1739.9265222728816,0.1025570093928605,37.98031721439191,1549.1650620555924,952.1484375,964.35546875,0.0008827610328919,0.0386412874854307,21.583438663394265,1.773819013160726,-2.303186118252045,6483.2809462396,0.0003615880768938,31.092790467187392,1150.9275719074456,952.1484375,1916.50390625,0.0466188526351134,0.1052908543400735,0.0002708683915178,4.742990029773323,-2.5820258965621705
k5_1.tsv.part.2,1.5043838426014375,-0.2946654383736663,-1.0390077998900695,1.5043838426014375,5.939648437500004,2.1196511359656047,2.5217706015991164,2.3631788563173397,1.1148904724082322,2.7508795166015654,2.3277213521647235,0.0762837344642324,-1.255936924883143,2.3277213521647235,9.867480468749996,2.12292912157713,2.495500861754527,2.339504010879306,1.1020170137104162,4.941587445427387,0.2292582910071975,0.5143682411803848,0.53859602429347,0.2292582910071975,1.8681152343750045,5.275100023100123,7.870174609494354,6.671423936961811,1.2647009360480492,1.2093604161879623,1391.7351802782,0.3828760696632332,4.1767950477415,17.35688709281901,781.2499999999999,1562.4999999999998,0.0373209641131644,0.3151550578525239,5.318088816382195,1.488037866404868,-0.9841015415857308,1507.4819293458186,0.90980501233653,4.180640494886989,17.351795604748748,781.2499999999999,1562.4999999999998,0.0353092592455522,0.3175860321830103,30.070664984624432,1.540245157884413,-1.2766443633805171,6666.702879081653,0.0034211770507103,3.1409503389301663,10.507646419561818,781.2499999999999,8593.749999999998,0.2283744737520446,0.6736993107050688,0.0005615531175748,2.817087439791002,-2.5700110882635934,1559.5686133289562,0.1713207142370572,9.487360486402414,95.0884106010127,781.2499999999999,976.5625,0.0003050163835367,0.1533320867973647,3.8752690726114407,1.6682890298826527,-1.8945695708936892,1692.2724334561572,0.4071788445931542,9.49970879700942,95.28023213592638,781.2499999999999,976.5625,0.0008854244344802,0.1545331577760961,21.89824912446318,1.7270072627408464,-1.8890849827209275,6523.589830202913,0.0014749102713635,6.733974592769568,56.58175418376546,781.2499999999999,2148.4374999999995,0.0846074129278337,0.4078823156622507,0.0003273079095084,3.66785891687764,-2.6065854906373858,1561.4897426752534,0.0845013962622381,17.295261258532335,315.81430613977847,927.734375,976.5625,0.00038120709087,0.0778502424437026,3.685269921258201,1.6737941191176795,-2.652228909470755,1691.1382751592655,0.201799168321273,17.303970722272066,315.8300707275131,927.734375,976.5625,0.0005922390435072,0.0784062627122334,21.01927730193783,1.7374695440923944,-2.1989394043880863,6432.830686866321,0.0007036125164307,13.47825665692236,219.3271886291386,927.734375,1904.296875,0.0626146202141714,0.2191181592530081,0.0002661650645198,4.279374369241617,-2.729142377066463,1561.2183988004842,0.0430323787078526,37.94380537710156,1547.0366532909566,952.1484375,964.35546875,0.0004023765705545,0.0382059363495321,3.79984725782196,1.6832279620242552,-2.088647095945332,1700.2240741128614,0.1030878849740092,38.00154237193048,1550.5870397068888,952.1484375,964.35546875,0.0008166967478083,0.038492607543541,21.80721607610312,1.7543812166663286,-2.0648403245163114,6317.382354438085,0.0003585110322951,30.45526283133527,1115.9418487792018,952.1484375,1916.50390625,0.0604945788718251,0.1110989776644956,0.0002666089253657,4.812316749658015,-2.5270765311930425
k5_1.tsv.part.3,1.50141754701169,-0.2955389215324689,-1.0462134333687751,1.50141754701169,6.011499023437501,2.145960138050603,2.551451576490394,2.391591858206348,1.1144623871619896,2.789516816980697,2.3252304371661703,0.0851735625530466,-1.271455679117953,2.3252304371661703,9.651928710937504,2.103330673421027,2.4664695972631137,2.314293563518384,1.1002994406743614,4.761200209673714,0.225273681262589,0.5242194433501773,0.3440324913588064,0.225273681262589,1.7723144531249986,5.14276520111681,7.65571492802263,6.492210794132307,1.2623968896582036,1.1585296487247227,1383.1100230711208,0.3833668128165268,4.175146605796453,17.337576116025307,781.2499999999999,1562.4999999999998,0.0372284231835719,0.3146343348818297,5.330139702961592,1.484202489429716,-0.9831587635586272,1496.182221729171,0.9148037421812094,4.183712246459256,17.3658242806527,781.2499999999999,1562.4999999999998,0.035013721126461,0.3158343639772483,30.37136470120424,1.5280563224832435,-1.2693309530976848,6768.879204200686,0.0032051534947037,3.015211789589688,9.72669368957149,781.2499999999999,8593.749999999998,0.2219820024127944,0.7005856626082414,0.0005054019281982,2.847815313909788,-2.59273923764889,1549.1707469272117,0.1715597559087788,9.492445534938268,95.16353075115696,781.2499999999999,976.5625,0.0003258232483954,0.1530018820548022,3.885706787075171,1.6642360456594012,-1.8937378876936324,1679.817616005284,0.4091519875425908,9.501258633244948,95.27486653070343,781.2499999999999,976.5625,0.0008909347846843,0.1537611000757634,22.10585613292205,1.7147466521222738,-1.8859964292533675,6721.351381256637,0.0013693290975064,6.711058687311359,56.36717240829584,781.2499999999999,5859.374999999999,0.0860040983760635,0.4175603605513341,0.0002840569352171,3.706372683190655,-2.662473075096451,1547.7103441504396,0.0849572184164343,17.314954980927418,316.50336780413323,927.734375,976.5625,0.0004261587932495,0.0776375240714248,3.725013266138114,1.6672167283547936,-2.2873415311744987,1679.2122617405678,0.2027241660006493,17.34164679064333,317.2001327307636,927.734375,976.5625,0.0006286353708983,0.077991809791273,21.21104673302879,1.7251741997160923,-2.1406625962463863,6645.214032999241,0.0006604921481671,13.309244515783282,214.73378805898,927.734375,1904.296875,0.054749581045329,0.2201954833560017,0.0002346471806333,4.291590157839495,-2.7916220317089766,1548.8813974571226,0.0433568979387646,38.02206545377394,1552.7224645963825,952.1484375,964.35546875,0.0004976322382473,0.0380862123261644,3.857339603402551,1.6784049593778854,-1.8293910253373955,1681.1360110047578,0.1035247998892084,38.08273143676208,1556.4204853607878,952.1484375,964.35546875,0.0007320073326113,0.0382207726617771,21.991999864138712,1.7371899839773817,-1.7022790903465068,6544.195320569715,0.0003426836942213,29.820166976473395,1076.570830557132,952.1484375,1928.7109375,0.0491609170927418,0.1103352927737013,0.0002435476609618,4.777322455956275,-2.6458176088276875
k5_1.tsv.part.4,1.5067712936575353,-0.3126297367774187,-1.0510294413379506,1.5067712936575353,5.963598632812506,2.13965518553597,2.5420627894587966,2.38312601124555,1.1137897486265256,2.7396276209214183,2.325217923259458,0.0826912287664705,-1.2780806383168166,2.325217923259458,9.747729492187505,2.158241016474858,2.5287227120533324,2.3734489887104,1.0997145224248632,4.729348797966451,0.2242108951745569,0.4840453741501435,0.2451311037084882,0.2242108951745569,1.6525634765624986,4.788319196928328,7.093843842223927,6.014348563558456,1.256045872509213,1.0735933335248162,1375.7315049781903,0.3859964441413725,4.176204321590817,17.34664516487698,781.2499999999999,1562.4999999999998,0.0373765585914318,0.3140174553834503,5.401605896131305,1.4798240154581457,-0.981880410715142,1492.9153787775765,0.9138070428269972,4.18525342728156,17.38308877723587,781.2499999999999,1562.4999999999998,0.035105810760184,0.3157404505960759,30.30358571370139,1.5272529375973205,-1.2695104655139955,6833.515546460028,0.0031262859450686,2.874214791461984,8.736797437303597,781.2499999999999,8593.749999999998,0.2324797469203682,0.714228503783174,0.0004870611311367,2.85938462839002,-2.642437397746772,1542.4888231469952,0.1725609301515161,9.494947965392583,95.19136711324542,781.2499999999999,976.5625,0.0003316470235893,0.1526604185895138,3.930789967284356,1.6592187920508314,-1.892786450864374,1677.123697697171,0.4091840636615076,9.50210247982846,95.2852683870331,781.2499999999999,976.5625,0.0010150800029885,0.1537272227637249,22.109097325310103,1.7152544812548096,-1.886106884127334,6744.103007216246,0.0013231673411208,6.314664167831252,51.00260429980908,781.2499999999999,8398.437499999998,0.0930262264488627,0.4325403084801352,0.0002681040113265,3.727032076059699,-2.6432466096264644,1541.545021380174,0.0855824065829491,17.284207180701113,315.1828294432346,927.734375,976.5625,0.0006228430338039,0.0775732614809548,3.780001201517356,1.6652431035121946,-2.496981511258264,1673.8598488819518,0.203041607741255,17.321012274783005,316.4300673097938,927.734375,976.5625,0.0007197057130938,0.0780695220083387,21.27778314570539,1.727425040092062,-2.0170992239500856,6671.800962258762,0.0006330468275985,12.900866697038984,202.7828089988888,927.734375,1953.125,0.0550611883133258,0.2302657975566454,0.0002164844080643,4.353752891116304,-2.8253034174442755,1542.2453862825196,0.0437496624176284,38.043668137177725,1554.189078865885,952.1484375,964.35546875,0.00037825193795,0.0379907025490329,3.9275139240762593,1.6733033155942567,-1.7160417905618013,1674.4875170678658,0.1035080272057459,38.10132576094541,1557.738742964747,952.1484375,964.35546875,0.0006089782604725,0.0382119631364849,21.984859544065607,1.7378167278105283,-2.281939553214168,6624.143766070144,0.0003210411554527,29.992139252344536,1088.22129500668,952.1484375,1928.7109375,0.0463943723824331,0.1136086606102077,0.0002139109022258,4.861579450405023,-2.725579870961941
k5_2.tsv.part.0,1.515814913501501,-0.3204028057715053,-1.0405776057232687,1.515814913501501,6.298901367187504,2.197637392150551,2.6119816636887627,2.448067513018462,1.1139542500334172,2.967689833697152,2.327370406881638,0.0892380286473587,-1.2966283054974297,2.327370406881638,9.580078125,2.099345632376737,2.443644348256516,2.3006054947328805,1.0958679024798268,4.694123226390164,0.2206821325013648,0.51458111134561,0.4561575548147187,0.2206821325013648,1.676513671875,4.7635608819315065,7.183356886712738,6.043911079453191,1.268780063749817,1.0512327737247271,1359.0641013818852,0.3925239438244754,4.179259334347605,17.365244816656915,781.2499999999999,1562.4999999999998,0.0370976974824395,0.3129294654913364,5.582373137477434,1.4711047994553772,-0.966839678677251,1457.4515011864576,0.9217811383425024,4.185337928664026,17.381673586503393,781.2499999999999,1562.4999999999998,0.0345041955960938,0.3141297970459774,30.806319596603764,1.510273082615847,-1.2666411335870038,6648.255372685988,0.0030760332715775,2.943930172423181,9.22212705260906,781.2499999999999,8593.749999999998,0.2275732135062894,0.7057555004680747,0.0004677719134582,2.8490188126903218,-2.5964123447820784,1522.237235687149,0.1755606770385998,9.48928621719093,95.06519038208336,781.2499999999999,976.5625,0.0003869566272286,0.1522601107244195,4.068155829582445,1.6518951349887354,-1.8912391097615653,1638.083492296146,0.4119616822289719,9.511974514248925,95.44089628648362,781.2499999999999,976.5625,0.0008231285822853,0.1527485106238158,22.40371073366752,1.693292986966837,-1.697905411297601,6594.369460801367,0.0013008372627089,6.547310676206163,54.242009328145215,781.2499999999999,6835.937499999999,0.0843474118149759,0.4245435453641779,0.0002576350552307,3.714064188985885,-2.707621973454746,1521.8343814144953,0.087174263767155,17.274573855927425,314.4763008006212,927.734375,976.5625,0.0005234971568087,0.0772740736594791,3.921746562960123,1.6572126706638792,-2.06320139849779,1638.1229125152145,0.2041949879814175,17.30074740932831,315.3704896704125,927.734375,976.5625,0.0005942239544869,0.0776350405397693,21.51876009784912,1.7054776841396462,-2.2820392978069246,6523.594772049196,0.0006312822555059,12.943615683076684,203.99484005885728,927.734375,1953.125,0.0529488490896555,0.2231918334360444,0.000214623431986,4.300623968652888,-2.947243169225685,1524.6629469460709,0.0441486782917313,37.93226919029292,1544.2283877773618,952.1484375,964.35546875,0.0003624688038932,0.0379056500632108,3.999456100447556,1.6652778189449624,-2.1634030803123143,1641.1512519965545,0.1041057798677553,37.96191922584269,1545.9138344014148,952.1484375,964.35546875,0.0007995434378858,0.0380434807572532,22.239229923764952,1.7173110132565583,-2.0780599953787044,6347.9437675871,0.0003223892024869,29.44741066606771,1058.6788889740735,952.1484375,1928.7109375,0.058846981459728,0.1150442859926213,0.0002157809982132,4.846434448861059,-2.548318806896567
k5_2.tsv.part.1,1.5137167778949694,-0.3317907553419095,-1.033767006008979,1.5137167778949694,5.8677978515625,2.1382838830550948,2.5377324627361086,2.380498878952167,1.113275415774544,2.6310416618795984,2.32221525389252,0.1014435953445179,-1.279518215180702,2.32221525389252,9.5561279296875,2.0740483111239745,2.419628821831175,2.2754937511139643,1.0971266864467693,4.816386625402113,0.2302741906705963,0.5364913133034952,0.3767644480763663,0.2302741906705963,1.7244140625000028,5.0541732422181,7.511927019645085,6.378218960151682,1.261970782258446,1.1638456528607566,1358.3468094095945,0.3921090914502692,4.180259420187161,17.375317101033055,781.2499999999999,1562.4999999999998,0.0371371396625773,0.3127516266909083,5.570014972138536,1.4696468014202198,-0.9799003847037482,1469.0452059098156,0.9149262486876544,4.182685402650742,17.36145306917447,781.2499999999999,1562.4999999999998,0.0341254354540748,0.3150939324891853,30.36659485415041,1.5179895510026884,-1.269233304822991,6733.848922378834,0.0032113945943903,2.69075102288815,7.382468804677861,781.2499999999999,8593.749999999998,0.22474097533291,0.7019343329628716,0.0005080158379715,2.8257987060306524,-2.3559738158361387,1522.8478270335827,0.1752148259440578,9.498771496021565,95.23462791289064,781.2499999999999,976.5625,0.0003270313135428,0.1519996522260486,4.051829398334658,1.6472133178703,-1.8906477000488864,1652.0628197312174,0.4090247358878019,9.504706306114834,95.32384903274216,781.2499999999999,976.5625,0.0009892638093394,0.1533399695907505,22.08931667291351,1.7035936678336134,-1.6982727826927386,6574.461335159398,0.0013462749666048,5.680936719964265,41.811459541637625,390.625,8593.749999999998,0.0963062559618602,0.4369845283663051,0.000278453561738,3.699111002062617,-2.967523539282899,1525.0370171846264,0.0865346572243567,17.29868256854947,315.471187741723,927.734375,976.5625,0.0004685160095309,0.077186323856489,3.8643570997622856,1.6527450979673677,-2.550149302581966,1652.4530818639985,0.2025795745791122,17.29708408216956,315.2098304379667,927.734375,976.5625,0.0006709404403996,0.0778260190756049,21.180256439286904,1.714900066589379,-2.394388216842616,6369.130412167629,0.0006276731648687,11.905181995007734,180.2325365776834,927.734375,2880.8593749999995,0.0617068378784057,0.2459182749147487,0.0002143311280264,4.370589562936012,-2.915201881860044,1524.6078543073877,0.0441478841711251,37.89069325606824,1540.9896771924723,952.1484375,964.35546875,0.0003466077337244,0.0378948846490039,3.999308963133892,1.6637294370118365,-2.166573222042212,1655.6015495265358,0.1034317266026029,37.919746163879054,1542.816160638167,952.1484375,964.35546875,0.0007660412992777,0.038190100287897,21.952422740747927,1.7307282260991752,-1.7238911117351512,6275.122644436817,0.0003159711894736,27.933770443393172,975.3584438947114,952.1484375,1928.7109375,0.0514595205595287,0.1272086882881234,0.0002078779607981,4.945043171758644,-2.685881134224408
k5_2.tsv.part.2,1.507679020080856,-0.3178946250567346,-1.0403897573535803,1.507679020080856,5.891748046874994,2.1378717130112213,2.5350709315961133,2.379426612057824,1.1129884911131402,2.668523717543655,2.321444518348696,0.0907714979119106,-1.2774344956190251,2.321444518348696,9.651928710937495,2.105291224421514,2.4551076578781776,2.309878390492415,1.0971776083506533,4.76461193847656,0.2270096872950385,0.4595261188190402,0.2706225592518678,0.2270096872950385,1.6525634765624986,4.511751592085188,6.755752517359551,5.709092334582748,1.265382682991239,1.0242113180721508,1363.613098085107,0.388075879403755,4.176468178919601,17.34418415061838,781.2499999999999,1562.4999999999998,0.0374709477297354,0.3133933468830897,5.458015515240462,1.4742061487883378,-0.9802367181864712,1458.6177075754,0.9148129013947164,4.180765585283729,17.34612567270023,781.2499999999999,1562.4999999999998,0.0347069613121795,0.3150320793489816,30.357994894111187,1.5150532166343094,-1.267469977620464,6665.981343858052,0.0032826449152226,2.8063922126081344,8.197314283110627,781.2499999999999,8593.749999999998,0.2176245851926491,0.6907359738247416,0.0005252625186805,2.8161132944971725,-2.6774257104016206,1527.9603561728188,0.1735150560824324,9.49298270401528,95.14175202855334,781.2499999999999,976.5625,0.0003224222360948,0.1523620891007749,3.9740250598377513,1.6533628411246597,-1.891925409890089,1639.935936962155,0.4090162891644209,9.499768922176123,95.23748991541116,781.2499999999999,976.5625,0.0007556523066698,0.153320057368014,22.088272574900166,1.7003775156286254,-1.698064916752425,6605.58613503973,0.0013723803595929,6.210840144103301,49.41896945002413,781.2499999999999,8593.749999999998,0.0887042971555901,0.4242684917632014,0.0002866962994017,3.685055048908836,-2.722797748583833,1528.8140652274112,0.0859488174430534,17.303361983090785,315.739690940231,927.734375,976.5625,0.0004390260867251,0.0773066145449092,3.8122812326276674,1.6569468475466351,-2.735499926783292,1642.6808141604974,0.2025406235304101,17.314837866636317,315.8984340124586,927.734375,976.5625,0.0006205868669005,0.077762954552127,21.17190584882813,1.7100748705437714,-2.293480740473065,6537.98041256991,0.0006442576138474,12.598755418350192,196.62888296876355,927.734375,2880.8593749999995,0.0647182720697479,0.2317472983865011,0.0002243656002393,4.317382396586531,-3.129204749746833,1528.3902275024104,0.0439506009313029,37.91292995445652,1542.9809144828143,952.1484375,964.35546875,0.0004584578588624,0.0379490676364056,3.96366174156174,1.6681285087174813,-2.1293310315474607,1646.4303940744478,0.1036070517916744,37.94712665600981,1545.4130385113629,952.1484375,964.35546875,0.000613990435624,0.0381905569639712,22.026908867899174,1.7251689201424671,-2.049511147894863,6394.691087671211,0.0003227990116491,29.53391571455808,1070.8658194775844,952.1484375,1928.7109375,0.0469637277704163,0.1194933960995213,0.0002165527206148,4.891770086540838,-2.678595427640652
k5_2.tsv.part.3,1.5117660845221306,-0.3107266422095455,-1.0456409830036353,1.5117660845221308,5.8677978515625,2.1000667672262217,2.4893872452695893,2.3367898334794406,1.1127216857804405,2.692988137637866,2.323726709738198,0.0922549761004849,-1.281967397554898,2.323726709738198,9.436376953125,2.055568743062678,2.4018577383145003,2.2567391116144084,1.09786603791805,4.659796961167278,0.224722147702019,0.496404103824864,0.2208994808579008,0.224722147702019,1.5807128906250014,4.232451777278284,6.2928149960155935,5.333005162205372,1.260027389050327,0.9511256534352036,1367.7715444516195,0.3900611745534296,4.181207872360199,17.386353620767938,781.2499999999999,1562.4999999999998,0.0365577587723117,0.3133384646245795,5.51382922789911,1.475007161520801,-0.9805408675383714,1455.0280205531587,0.9179147778092128,4.183437585366517,17.36706524711839,781.2499999999999,1562.4999999999998,0.034309367290271,0.3147556319430103,30.55937408274015,1.512670740388284,-1.26339568116987,6741.760323783589,0.0030835278146893,2.6906371368095274,7.328540688572145,781.2499999999999,8593.749999999998,0.219848736493942,0.7017179446672352,0.0004682710081725,2.8289427457572747,-2.70836729194478,1533.5726929044936,0.1744421151275257,9.495922539369989,95.191222949413,781.2499999999999,976.5625,0.0003249596880524,0.1523366338303443,4.016573024961668,1.6526407859701204,-1.8915989175070895,1633.2656727172523,0.4104272880551635,9.504617541205588,95.31248183760547,781.2499999999999,976.5625,0.0008078835381949,0.1530921156708965,22.239415210421267,1.6953728013287015,-1.6975973105941118,6535.535785259308,0.0013052228007875,5.674091527237234,41.8555718442534,390.625,8593.749999999998,0.0900095791130052,0.4377832773299664,0.0002618841781897,3.6984460795858185,-2.83070304009346,1533.8440509606346,0.0863564680982561,17.28770731831744,315.1443532439421,927.734375,976.5625,0.0003800560164346,0.0773639743639612,3.848563825758787,1.6575302785030246,-2.774985507328407,1635.7590687536529,0.2031435462346082,17.3116909504315,315.68289103780666,927.734375,976.5625,0.0006266758609519,0.077651491026099,21.29777574098604,1.7046025836732757,-2.810250945307516,6407.573323352311,0.0006093710994498,11.843371094415817,178.7429827160075,927.734375,3857.421875,0.065108859342254,0.2421679569447559,0.0002016654747581,4.335029339673735,-3.068041247677678,1533.2454436191476,0.0442466393567651,37.88183555579676,1540.7124086830993,952.1484375,964.35546875,0.0003266054219865,0.0379442987348772,4.01723625832387,1.6652748215168545,-1.8493765951516636,1635.9177756709664,0.1038959939865405,37.96434684851894,1545.981378552343,952.1484375,964.35546875,0.0004542560707709,0.038059564344074,22.14971776582729,1.713885474194875,-2.3208952470178925,6324.240297575917,0.0003002016887909,28.531869963075074,1014.2693998260388,952.1484375,1928.7109375,0.056814895624062,0.1226915585768795,0.0001874377373751,4.888025415715427,-2.7096991952195317
k5_2.tsv.part.4,1.5012979220384417,-0.3046893678349678,-1.0349117306429907,1.5012979220384417,5.963598632812499,2.141726853080615,2.5415651760459954,2.3850608014868677,1.1136157713371555,2.748228558708641,2.323086600050905,0.0869106886155479,-1.27057566595068,2.323086600050905,9.436376953125,2.0505467067645875,2.39791404404755,2.252819092062752,1.098643149473691,4.672779375861673,0.2260768193056254,0.5465641543223086,0.3948657503326509,0.2260768193056254,1.6525634765624986,4.765406210852503,7.200347047805002,6.033713264811808,1.2661487809939318,1.077347878848807,1376.506775728948,0.3834754095904616,4.1723834186997255,17.312814722634037,781.2499999999999,1562.4999999999998,0.0372393975437352,0.3144736550649084,5.332669339494684,1.4822912012008194,-0.9820887981155002,1462.7712841752334,0.9143557553738522,4.180180263265694,17.3376632166757,781.2499999999999,1562.4999999999998,0.0347581752985716,0.3154090190482113,30.334218093820517,1.5176974624304065,-1.2661899880772445,6582.804494206283,0.0032094780443495,2.712546949591548,7.467404040156502,781.2499999999999,8593.749999999998,0.2244630879375136,0.689201155522438,0.0005013883722888,2.8098636385761697,-2.679903996512808,1542.92862898403,0.1713999381242939,9.494158556585916,95.180872887896,781.2499999999999,976.5625,0.0003076292009339,0.1528564968464539,3.878302120091452,1.6614064442510292,-1.693681819077371,1644.8586374110073,0.4084642265054232,9.502574080608998,95.29103137955548,781.2499999999999,976.5625,0.000790360620689,0.1535583177119054,22.030259965202955,1.70369219534449,-1.6984330245995016,6450.897833909548,0.0013416719766983,5.771711899275381,43.04269627645799,390.625,8593.749999999998,0.0936647136401396,0.4295170504037029,0.0002750501811656,3.6779919174254982,-2.9131760646969838,1543.8281446491685,0.0848868234851306,17.262994100084793,314.2508635880791,927.734375,976.5625,0.00043231309311,0.0776464954821548,3.718847935719869,1.6665299548590342,-2.1294019727818543,1644.0389117908048,0.2022290635115216,17.282844912611523,314.5796567133287,927.734375,976.5625,0.0006447743709064,0.0778743401260226,21.1071838833288,1.7104572807454876,-2.223662793361533,6268.594843339373,0.0006313549282458,12.02959194980742,182.6691058235712,927.734375,1953.125,0.0699241793044784,0.2374381495112691,0.0002160147467526,4.314851395737257,-2.9138593741511785,1543.830947383227,0.0433055289845866,37.830090157511805,1536.3233203304965,952.1484375,964.35546875,0.0004278316431088,0.0380754920934802,3.848201581875915,1.6756778099969514,-2.147126715911101,1644.5409406894898,0.1031588658272981,37.84290376194254,1536.5832897771545,952.1484375,964.35546875,0.0005085225512274,0.0382299177858303,21.8368175392053,1.7229059296594216,-2.338349592811675,6378.748064952954,0.0003051943448574,28.633074472305708,1011.4267335582274,952.1484375,1928.7109375,0.0507492441180865,0.1212322645899955,0.0001936562023472,4.903680936988696,-2.55282307697994
k5_3.tsv.part.0,1.501500153762855,-0.3026398837105466,-1.0032711045758294,1.501500153762855,5.963598632812506,2.1312877119883096,2.5387674282486543,2.379510457935284,1.116466089749752,2.7634698055491755,2.329350377172126,0.0951348465021429,-1.2624129283176233,2.329350377172126,9.580078125,2.057390108295036,2.4057354315381407,2.260902122486149,1.0989175622895182,4.787695700252757,0.2210296230106714,0.4134409505353718,0.0775218419080991,0.2210296230106714,1.6525634765624986,4.518546080660364,6.658820798053816,5.6609554559636575,1.2528267621730962,0.9987325367647072,1394.1389315812137,0.3812856706676018,4.171886365359732,17.321520619284144,781.2499999999999,1562.4999999999998,0.0368889549833333,0.3159312732982978,5.276349886511105,1.492378961039578,-0.9849276300711838,1468.8085596783126,0.9179173052139868,4.184280576493586,17.377776865958865,781.2499999999999,1562.4999999999998,0.0346228519345733,0.3158113593323924,30.578052268720164,1.5220149633966975,-1.2672506399446637,6734.087353781652,0.0030778644229297,2.823291407196605,8.281370980079755,781.2499999999999,8593.749999999998,0.2261716667258684,0.6983379280559563,0.0004650731076307,2.8324276587920907,-2.624792249780288,1562.5378866440485,0.1705799627576612,9.483154571874737,95.02286604193029,781.2499999999999,976.5625,0.0003045889667742,0.1537377949807372,3.842297595162316,1.6735064535016964,-1.8965896334988603,1648.1203896298014,0.4107110078988657,9.503066616597968,95.30793865668706,781.2499999999999,976.5625,0.0006692289049413,0.1536826900452592,22.27411549149262,1.7059994546716508,-1.6983505455657586,6717.136623433793,0.0012906188750051,6.306713430830814,50.69421043454207,781.2499999999999,8593.749999999998,0.0811619008681111,0.4257271671542045,0.0002538196325322,3.703736236219117,-2.83757765052178,1563.2822626418035,0.084517544666202,17.253554186406117,314.1805120310803,927.734375,976.5625,0.0003957864215221,0.0780623740328654,3.686799780962201,1.6779276010433184,-2.40287042690866,1646.5685993771938,0.2038265287820334,17.29198802439272,315.22366759212537,927.734375,976.5625,0.0005016338043078,0.0780431175000645,21.442525172888143,1.713994177230205,-2.4038806930966667,6650.066568730828,0.0006154158488293,12.60061652652543,195.77948689794684,927.734375,1953.125,0.0605940854914577,0.2257394474428289,0.0002041926952488,4.29466875111855,-3.093455905719923,1561.623986529909,0.0432246997544591,37.80291895623972,1535.7647454415076,952.1484375,964.35546875,0.000336715623331,0.0382867076459564,3.8339114937657848,1.684672866382781,-2.135772063168016,1646.7948220077951,0.1040182307746852,37.94849148024884,1545.2532707400246,952.1484375,964.35546875,0.0004761515423901,0.0382036644118119,22.20211169084228,1.7218656705610984,-2.2062451688236826,6457.093531558205,0.0003098001395153,28.82129394100175,1015.9075743888312,952.1484375,1928.7109375,0.0572896548475465,0.1173381909544583,0.0001993626796385,4.88823075608184,-2.6833456489695435
k5_3.tsv.part.1,1.4939376254057934,-0.30202903124395,-1.0080191667330731,1.4939376254057934,5.915698242187496,2.1549238747206503,2.567864259245752,2.406220211816434,1.1166149486966723,2.696376385857076,2.332829890225439,0.0830439616965074,-1.2580741513105145,2.332829890225439,9.651928710937504,2.08839340101014,2.446265892927149,2.296916504504573,1.0998485742167028,4.780062162511489,0.2266184316770312,0.4180977452604346,0.0926737422119554,0.2266184316770312,1.6286132812500045,4.419906983875445,6.531047901808635,5.538351189671155,1.2530470007346264,1.001632388844211,1399.242201529159,0.3769807780874478,4.168593061149207,17.291663482507523,781.2499999999999,1562.4999999999998,0.037676250878909,0.3164167612599872,5.159317347686375,1.4971827280506602,-0.9851155137196108,1482.9873542936014,0.9157446288383518,4.1793152422031365,17.336427924198386,781.2499999999999,1562.4999999999998,0.0352913585893399,0.3170122063965793,30.454499039284755,1.5312747890128215,-1.271945742708687,6571.526523368108,0.0032943967042039,2.829953461979432,8.244172015842524,781.2499999999999,8593.749999999998,0.2220443855482718,0.6781721543666444,0.0005228703740512,2.8023016779732752,-2.6519819615553306,1568.1229174750383,0.1685974408650705,9.480481590138275,94.97880966053827,781.2499999999999,976.5625,0.0003357877565512,0.1540224168807503,3.753825559360324,1.681508029165166,-1.6947972881117392,1668.2997465497976,0.4095055388576588,9.495155040205905,95.186434051094,781.2499999999999,976.5625,0.0008557122098192,0.1544832406854958,22.148891643695126,1.722773795684335,-1.6992676785831355,6464.568992627916,0.0013730667713893,6.008166746318767,46.36916372908748,781.2499999999999,8593.749999999998,0.0886753253371768,0.4254594886445285,0.0002872292894575,3.678867882244743,-2.797091110742385,1568.5511018786124,0.08366430113563,17.270770294646642,314.82286359027603,927.734375,976.5625,0.0005401556589404,0.0780911181118051,3.6127517680708574,1.6839301641398698,-2.669668541608413,1666.983614879564,0.2028997243210902,17.303785410282746,315.8537051564255,927.734375,976.5625,0.0005697824899831,0.0783913553287346,21.24911958678185,1.7311823080562507,-2.609578333479132,6379.967449408363,0.0006345325412443,12.556338590336866,195.33963217375464,927.734375,1953.125,0.0667079996052187,0.2330513074195185,0.0002177683140757,4.330622692102708,-2.875732381620504,1568.81435432946,0.0428249182702459,37.845129485135125,1539.1639502769006,952.1484375,964.35546875,0.0003732228724283,0.0383433900397645,3.763336750934546,1.6959600318432029,-1.7502481422447476,1671.878323947263,0.1037913510354465,37.94112683597218,1545.4278034022643,952.1484375,964.35546875,0.000564450345925,0.0384241238339333,22.105737772585,1.7440665298429967,-1.7038614236565195,6376.040689237358,0.0003176859373275,29.13938222859707,1038.9342826542793,952.1484375,1928.7109375,0.0600666943629639,0.1192736093388054,0.0002097358945152,4.912464702333946,-2.774280692331612
k5_3.tsv.part.2,1.500255915443813,-0.3154280867407349,-1.0013004630648783,1.500255915443813,6.011499023437501,2.1966361314205343,2.61619020440393,2.4523381984989565,1.1164062010184015,2.7159826731962315,2.3335175521104654,0.0960728757260091,-1.2635799420985092,2.3335175521104654,9.8435302734375,2.1179639068139324,2.474755389188421,2.3266159160359194,1.0985153753332195,4.901224322150736,0.2230239107416572,0.4520882025877368,0.2299294715728193,0.2230239107416572,1.7962646484375,5.4678310639329,8.1713888066792,6.884786629373581,1.2591439912595788,1.2194570671530316,1388.65800593699,0.381162327778958,4.172899716040084,17.32818554456852,781.2499999999999,1562.4999999999998,0.0371356592045706,0.3155778316865684,5.271866607247912,1.490753985906865,-0.9847247826240948,1471.5278648030423,0.9202448636377484,4.182225312430911,17.360725633682584,781.2499999999999,1562.4999999999998,0.0346863985570153,0.3161450198494132,30.739214790650497,1.5239843616639754,-1.27020293343286,6558.450077250105,0.0031962825144403,2.937795410242857,9.020030789301684,781.2499999999999,8593.749999999998,0.22049755344012,0.6829323252511679,0.0004943740783424,2.821399374114548,-2.59635747716148,1557.2217476752037,0.1704731084583934,9.483998921664176,95.02819172149768,781.2499999999999,976.5625,0.0003312875917865,0.1535803154035194,3.837303904831829,1.6740433105206942,-1.8958188490344128,1651.6721829445507,0.4118230637386008,9.499423681547023,95.25031067599112,781.2499999999999,976.5625,0.0006877393854759,0.1538839871783621,22.396253703557097,1.7091018121238046,-1.6989163914964822,6579.603610434397,0.0013590266889129,6.473720347800961,52.56506120857891,781.2499999999999,8593.749999999998,0.0823711930532422,0.4105182600025391,0.0002784093264943,3.670813920160496,-2.69632364649029,1558.5744974208096,0.0841412763192441,17.290757234416322,315.62557153613847,927.734375,976.5625,0.0004785225346317,0.0779251744756613,3.65396818781824,1.6779754314962478,-2.672211906882883,1656.0846467310766,0.2035292804348967,17.320156315806113,316.293244195126,927.734375,976.5625,0.0005233666583004,0.0780743947169957,21.380133563475816,1.7189278800467371,-2.46570207651586,6525.0149100469225,0.0006448542109232,12.768756104988409,199.58144495443275,927.734375,1953.125,0.0633054245213087,0.2235311402448866,0.0002239833582971,4.291186429770507,-3.0092105976719776,1557.1359953610086,0.0431070164489369,37.91867962981656,1545.1332380889266,952.1484375,964.35546875,0.0003961299169887,0.0382708134488176,3.8130589112976487,1.6924382594023666,-1.7315804103914254,1662.1921214999386,0.1040218589786232,38.01620591926796,1551.200823285194,952.1484375,964.35546875,0.0004440835941754,0.0383190170208611,22.203856265768746,1.732001302596802,-1.7269960249580607,6458.342865989238,0.0003254478134205,29.310916317669097,1043.0507593082505,952.1484375,1928.7109375,0.0514406064833754,0.1115559792550386,0.0002197232434878,4.81519939268285,-2.622446484131142
k5_3.tsv.part.3,1.498044234230979,-0.2985042655447595,-1.022193217933666,1.498044234230979,5.987548828125,2.1479303336700144,2.556624762671248,2.3965378340049384,1.1157428136461698,2.769854176240812,2.337367835562582,0.0818378220757951,-1.2643136281273313,2.337367835562582,9.556127929687506,2.085050071964687,2.439505507166705,2.292119421334641,1.0993114516309137,4.682598955939799,0.2259477606923611,0.450245870420729,0.2740527007446176,0.2259477606923611,1.676513671875,4.789109683450128,7.156336378439588,6.040662446646135,1.2613330756489114,1.082088608685659,1388.3012381456565,0.3801737341113381,4.171837632863372,17.3138657668416,781.2499999999999,1562.4999999999998,0.0374652246755125,0.3154687377824335,5.244227186086671,1.4909237901981578,-0.984131505651778,1464.2375529423734,0.924554687805889,4.180677827850131,17.34258039206005,781.2499999999999,1562.4999999999998,0.0351876141244669,0.3155763865509978,31.017680734523932,1.519160321864479,-1.2669322535117489,6421.5909455286455,0.0033300614902761,2.9719692082554765,9.296991298292657,781.2499999999999,8593.749999999998,0.2186392459020873,0.673971883604981,0.0005321743818129,2.8052984424014564,-2.577932735062648,1555.5438724053915,0.1699879770927421,9.48769147274254,95.08887514855444,781.2499999999999,976.5625,0.0003187815840907,0.1534893310803153,3.815390484930292,1.6744828682331665,-1.8954226290128604,1646.4286591173743,0.4135016848941804,9.50397293624994,95.31818207824914,781.2499999999999,976.5625,0.0008081335452438,0.1536596914312641,22.577681863787856,1.7085253870259878,-1.6988968169714682,6367.504294452745,0.0014088932873919,6.557115193059693,54.09427571682088,781.2499999999999,6640.624999999999,0.0890931899360989,0.4117984990305313,0.00029948501858,3.671813846165664,-2.6549958518268038,1553.415070504324,0.0844842898196319,17.286050132629153,315.4071128770101,927.734375,976.5625,0.0004848068226229,0.0778855195377581,3.683798098358814,1.6771558865180196,-2.2909431909806663,1645.7711015056493,0.2048762707918128,17.32504988219346,316.40191166512307,927.734375,976.5625,0.0004939003814654,0.0779143397181408,21.66352691338805,1.715587792468884,-2.136365908772708,6276.575788293622,0.0006702233623106,13.224241910762732,212.80023015993388,927.734375,1904.296875,0.0577213980783181,0.2216149345986379,0.0002417568744506,4.294000853669526,-3.042790748321899,1553.1513618935749,0.0431307637182849,38.0408872784824,1553.9195153387336,952.1484375,964.35546875,0.0005120969271058,0.0381145486605727,3.817215731007608,1.6831058474164171,-1.7645058515524277,1640.3580096546457,0.1048382781403608,38.06034451174618,1554.4055648192827,952.1484375,964.35546875,0.0004977389762435,0.0381432320822877,22.553456782823396,1.7207725265545464,-1.7128864702866864,6183.060798295852,0.000342007523621,30.09712413013852,1086.797295605032,952.1484375,1928.7109375,0.0490697476705182,0.1083402667690399,0.0002424829318204,4.777573185531424,-2.511142304558549
k5_3.tsv.part.4,1.5033576254107273,-0.3072853963952267,-1.0155247545655146,1.5033576254107273,5.915698242187503,2.115747057906119,2.5157939147258475,2.3593821115299174,1.1151532044973824,2.7349737692440272,2.338865054462769,0.0868502046273605,-1.2634226195967322,2.338865054462769,9.747729492187505,2.095524568607003,2.449153773541159,2.302324954296869,1.0986866910500297,4.9011491842830885,0.2258435110593403,0.4509061524539628,0.1674156281349956,0.2258435110593403,1.8202148437499943,5.34735362722844,7.867094062738206,6.7002780120177,1.2530082128663125,1.20766511804917,1382.7641385491688,0.3836875531362343,4.174448714170854,17.333034285123105,781.2499999999999,1562.4999999999998,0.0369216142913314,0.3148346618459199,5.339674867291793,1.4857799029328018,-0.982561150006002,1475.2775235426132,0.9237271501422272,4.181234896967463,17.349573458248237,781.2499999999999,1562.4999999999998,0.0350299217905427,0.3163274342469169,30.97554331691564,1.5264921708968202,-1.2682505885513875,6699.784296295371,0.0031873377415314,2.756192218850747,7.827601981378272,781.2499999999999,8593.749999999998,0.2284971709924825,0.7020152257445854,0.0005004712333564,2.8328876078318923,-2.6610793849515817,1549.4441338386464,0.1716287979650547,9.49009893136878,95.12099417393208,781.2499999999999,976.5625,0.0003045988233168,0.1531335878117602,3.888988134065756,1.666433206214364,-1.8945129152701152,1656.0408698031545,0.4131828026006378,9.50600368404127,95.3656119595052,781.2499999999999,976.5625,0.0006863577240698,0.1539703807724008,22.544977478606143,1.7155406495290615,-1.6990413091987695,6635.5075961754765,0.0013345748498808,6.034658717712862,46.97643924957252,781.2499999999999,8593.749999999998,0.0796993808259688,0.432887577711503,0.0002728158355323,3.701727832588005,-2.7626421241763843,1549.4366179704198,0.084982779826943,17.29279797963833,315.63655955262175,927.734375,976.5625,0.0003599750982231,0.0777687965547331,3.727330704521782,1.6716478479068404,-2.633822846211777,1654.5557594555728,0.2047919830338656,17.331019527062853,316.8154982417175,927.734375,976.5625,0.0005446179395962,0.0781114783290023,21.64636725568612,1.7226072293595909,-2.2585845005114678,6570.527817896008,0.0006320148220209,12.426854969683212,190.7553627674737,927.734375,1953.125,0.0684051881265509,0.2320639407838623,0.000215949501289,4.330304220889164,-3.088291702639195,1549.4217540221796,0.0434609630580151,37.96369673484213,1548.2169989529043,952.1484375,964.35546875,0.0003494428952645,0.0381286535989787,3.875891098270937,1.6785536874380216,-1.832653218785752,1649.2691434723754,0.1047251652280924,37.99792396410902,1549.8564521681517,952.1484375,964.35546875,0.0004267250591664,0.0382693156137144,22.505032447361778,1.7275188530162702,-1.8896055999910748,6620.669928082232,0.0003218566471713,29.401480376950328,1048.6422733866043,952.1484375,1928.7109375,0.0470712424430085,0.1107071631352677,0.0002148608633046,4.807738568717539,-2.7363246785331894
